tourney_id,tourney_name,surface,draw_size,tourney_level,tourney_date,match_num,winner_id,winner_seed,winner_entry,winner_name,winner_hand,winner_ht,winner_ioc,winner_age,loser_id,loser_seed,loser_entry,loser_name,loser_hand,loser_ht,loser_ioc,loser_age,score,best_of,round,minutes,w_ace,w_df,w_svpt,w_1stIn,w_1stWon,w_2ndWon,w_SvGms,w_bpSaved,w_bpFaced,l_ace,l_df,l_svpt,l_1stIn,l_1stWon,l_2ndWon,l_SvGms,l_bpSaved,l_bpFaced,winner_rank,winner_rank_points,loser_rank,loser_rank_points
2020-580,Australian Open,Hard,128,G,20200120,100,104745,1,,Rafael Nadal,L,185,ESP,33.6,106198,,,Hugo Dellien,R,180,BOL,26.5,6-2 6-3 6-0,5,R128,122,5,5,71,44,31,16,12,3,5,0,2,89,64,32,8,11,10,18,1,10235,73,743
2020-580,Australian Open,Hard,128,G,20200120,101,105643,,,Federico Delbonis,L,193,ARG,29.2,105311,,,Joao Sousa,R,185,POR,30.8,6-3 6-4 7-6(3),5,R128,139,11,4,103,68,52,21,16,3,3,4,5,108,60,43,24,15,8,10,76,711,59,891
2020-580,Australian Open,Hard,128,G,20200120,102,105376,,Q,Peter Gojowczyk,R,188,GER,30.5,111153,,Q,Christopher Eubanks,R,201,USA,23.7,7-6(1) 6-3 4-6 6-0,5,R128,125,12,1,118,74,55,28,19,3,4,22,4,116,80,54,15,18,8,12,120,463,221,215
2020-580,Australian Open,Hard,128,G,20200120,103,105807,27,,Pablo Carreno Busta,R,188,ESP,28.5,106075,,LL,Jozef Kovalik,R,183,SVK,27.2,6-4 3-6 6-1 7-6(2),5,R128,157,12,3,104,67,58,20,19,1,3,8,2,110,66,43,26,19,4,8,30,1422,139,379
2020-580,Australian Open,Hard,128,G,20200120,104,106401,23,,Nick Kyrgios,R,193,AUS,24.7,132283,,,Lorenzo Sonego,R,191,ITA,24.6,6-2 7-6(3) 7-6(1),5,R128,133,14,1,87,65,59,12,16,0,0,12,3,99,66,50,17,16,4,6,26,1520,53,990
2020-580,Australian Open,Hard,128,G,20200120,105,104468,,,Gilles Simon,R,183,FRA,35,104655,,,Pablo Cuevas,R,180,URU,34,6-1 6-3 6-3,5,R128,109,9,2,86,47,38,19,13,7,8,1,0,73,49,27,10,12,3,9,61,890,46,1097
2020-580,Australian Open,Hard,128,G,20200120,106,144707,,,Mikael Ymer,R,183,SWE,21.3,106034,,,Yasutaka Uchiyama,R,183,JPN,27.4,6-4 6-1 6-2,5,R128,119,4,4,93,70,54,10,13,6,6,6,2,76,51,30,9,12,4,9,78,709,93,594
2020-580,Australian Open,Hard,128,G,20200120,107,111575,16,,Karen Khachanov,R,198,RUS,23.6,106408,,Q,Mario Vilella Martinez,R,178,ESP,24.5,4-6 6-4 7-6(4) 6-3,5,R128,170,10,1,115,73,59,30,21,1,2,6,2,127,74,55,31,20,5,7,17,1995,196,254
2020-580,Australian Open,Hard,128,G,20200120,108,104792,10,,Gael Monfils,R,193,FRA,33.3,104229,,,Yen Hsun Lu,R,180,TPE,36.4,6-1 6-4 6-2,5,R128,104,6,4,84,56,44,15,13,7,7,3,3,72,41,26,12,12,3,8,10,2565,,
2020-580,Australian Open,Hard,128,G,20200120,109,103333,,,Ivo Karlovic,R,208,CRO,40.8,105577,,,Vasek Pospisil,R,193,CAN,29.5,7-6(4) 6-4 7-5,5,R128,121,13,3,94,65,58,18,17,1,1,14,7,99,58,48,23,17,3,5,124,436,138,392
2020-580,Australian Open,Hard,128,G,20200120,110,105379,,,Aljaz Bedene,R,181,SLO,30.5,105902,,,James Duckworth,R,183,AUS,27.9,6-4 6-7(5) 6-7(5) 6-2 6-4,5,R128,236,28,4,157,92,80,40,26,6,6,21,15,191,101,80,41,26,5,9,55,950,94,588
2020-580,Australian Open,Hard,128,G,20200120,111,105208,,Q,Ernests Gulbis,R,190,LAT,31.3,200000,20,,Felix Auger Aliassime,R,193,CAN,19.4,7-5 4-6 7-6(4) 6-4,5,R128,215,14,3,133,75,59,35,22,4,6,8,7,140,86,67,25,22,12,15,256,179,22,1701
2020-580,Australian Open,Hard,128,G,20200120,112,126203,29,,Taylor Fritz,R,196,USA,22.2,134868,,Q,Tallon Griekspoor,R,188,NED,23.5,6-3 6-3 6-3,5,R128,86,17,0,69,45,44,13,14,2,2,4,3,89,58,40,12,13,4,8,34,1335,175,288
2020-580,Australian Open,Hard,128,G,20200120,113,104731,,,Kevin Anderson,R,203,RSA,33.6,125802,,Q,Ilya Ivashka,R,193,BLR,25.9,6-4 2-6 4-6 6-4 7-6(8),5,R128,234,16,3,161,105,78,25,25,8,13,11,6,155,103,76,27,25,4,8,122,445,149,354
2020-580,Australian Open,Hard,128,G,20200120,114,106109,,WC,Alex Bolt,L,183,AUS,27,105077,,,Albert Ramos,L,188,ESP,32,7-6(1) 1-6 6-7(5) 6-1 6-4,5,R128,204,11,3,133,80,57,30,24,4,9,9,4,165,111,76,25,24,6,13,140,377,42,1130
2020-580,Australian Open,Hard,128,G,20200120,115,106233,5,,Dominic Thiem,R,185,AUT,26.3,105173,,,Adrian Mannarino,L,180,FRA,31.5,6-3 7-5 6-2,5,R128,141,7,4,96,57,44,21,15,6,7,5,3,86,49,28,19,14,5,10,5,5890,44,1111
2020-580,Australian Open,Hard,128,G,20200120,116,106421,4,,Daniil Medvedev,R,198,RUS,23.9,126207,,,Frances Tiafoe,R,188,USA,21.9,6-3 4-6 6-4 6-2,5,R128,156,13,12,120,63,45,26,19,6,11,3,2,115,75,45,17,18,5,14,4,5960,50,1050
2020-580,Australian Open,Hard,128,G,20200120,117,124079,,Q,Pedro Martinez,R,185,ESP,22.7,136440,,,Dominik Koepfer,L,180,GER,25.7,6-3 6-4 7-5,5,R128,129,1,3,93,60,44,20,16,6,7,10,1,99,72,50,11,15,6,10,168,300,89,609
2020-580,Australian Open,Hard,128,G,20200120,118,144719,,,Jaume Munar,R,183,ESP,22.7,200384,,WC,Hugo Gaston,L,173,FRA,19.3,7-5 5-7 6-0 6-3,5,R128,209,2,2,148,95,62,25,20,12,17,5,1,149,96,60,16,19,19,28,90,608,247,189
2020-580,Australian Open,Hard,128,G,20200120,119,200615,,,Alexei Popyrin,R,196,AUS,20.4,104542,28,,Jo-Wilfried Tsonga,R,188,FRA,34.7,6-7(5) 6-2 6-1 0-0 RET,5,R128,101,12,2,81,53,40,22,14,4,4,11,3,70,47,36,9,13,2,6,96,585,33,1340
2020-580,Australian Open,Hard,128,G,20200120,120,104545,19,,John Isner,R,208,USA,34.7,106329,,,Thiago Monteiro,L,183,BRA,25.6,6-7(5) 7-6(4) 7-6(7) 7-6(5),5,R128,207,46,4,159,121,99,23,24,3,3,18,4,155,120,102,18,24,2,2,19,1860,86,640
2020-580,Australian Open,Hard,128,G,20200120,121,126214,,Q,Alejandro Tabilo,L,188,CHI,22.6,123755,,Q,Daniel Elahi Galan,R,191,COL,23.5,4-6 6-3 6-4 6-7(6) 6-4,5,R128,203,5,3,156,103,72,33,26,6,9,10,0,168,121,87,21,25,6,11,208,233,186,269
2020-580,Australian Open,Hard,128,G,20200120,122,104312,,,Andreas Seppi,R,190,ITA,35.9,200175,,,Miomir Kecmanovic,R,183,SRB,20.3,6-4 6-4 7-6(3),5,R128,121,10,1,91,55,43,22,16,0,1,7,1,109,65,43,22,16,5,8,85,646,54,959
2020-580,Australian Open,Hard,128,G,20200120,123,104527,15,,Stan Wawrinka,R,183,SUI,34.8,106000,,,Damir Dzumhur,R,175,BIH,27.6,7-5 6-7(4) 6-4 6-4,5,R128,176,21,1,119,70,57,36,22,2,2,1,3,135,94,65,24,22,4,7,15,2045,92,594
2020-580,Australian Open,Hard,128,G,20200120,124,105676,11,,David Goffin,R,180,BEL,29.1,104871,,,Jeremy Chardy,R,188,FRA,32.9,6-4 6-3 6-1,5,R128,108,8,2,78,47,39,15,13,2,3,2,5,79,44,28,13,13,3,9,11,2555,58,920
2020-580,Australian Open,Hard,128,G,20200120,125,105732,,,Pierre Hugues Herbert,R,188,FRA,28.8,111815,,,Cameron Norrie,L,188,GBR,24.4,7-5 3-6 3-6 7-5 6-4,5,R128,222,14,5,171,88,61,44,26,11,16,8,5,152,111,77,23,26,7,12,64,865,62,885
2020-580,Australian Open,Hard,128,G,20200120,126,105216,,,Yuichi Sugita,R,173,JPN,31.3,200611,,Q,Elliot Benchetrit,R,193,MAR,21.3,6-2 6-0 6-3,5,R128,75,7,0,64,40,34,16,12,1,1,6,1,56,33,13,14,11,1,7,91,608,231,205
2020-580,Australian Open,Hard,128,G,20200120,127,126094,17,,Andrey Rublev,R,188,RUS,22.2,106331,,WC,Christopher Oconnell,R,183,AUS,25.6,6-3 0-6 6-4 7-6(5),5,R128,135,8,2,101,61,46,23,19,1,6,15,3,134,85,63,22,18,11,15,16,2004,115,481
2020-580,Australian Open,Hard,128,G,20200120,128,105932,26,,Nikoloz Basilashvili,R,185,GEO,27.9,126952,,,Soon Woo Kwon,R,180,KOR,22.1,6-7(5) 6-4 7-5 3-6 6-3,5,R128,235,22,4,193,109,80,37,26,11,16,14,4,173,116,75,28,26,11,18,29,1485,87,637
2020-580,Australian Open,Hard,128,G,20200120,129,104269,,,Fernando Verdasco,L,188,ESP,36.1,105539,,LL,Evgeny Donskoy,R,185,RUS,29.7,7-5 6-2 6-1,5,R128,97,5,2,71,53,45,12,14,1,1,5,6,86,48,29,17,13,5,10,51,1050,106,522
2020-580,Australian Open,Hard,128,G,20200120,130,106078,,,Egor Gerasimov,R,196,BLR,27.1,134770,,,Casper Ruud,R,183,NOR,21,6-3 7-6(6) 1-6 4-6 7-6(6),5,R128,214,21,3,159,112,80,26,25,4,8,13,5,168,121,86,27,25,10,13,98,575,48,1079
2020-580,Australian Open,Hard,128,G,20200120,131,100644,7,,Alexander Zverev,R,198,GER,22.7,106065,,,Marco Cecchinato,R,185,ITA,27.3,6-4 7-6(4) 6-3,5,R128,143,8,4,109,92,66,8,16,8,11,3,1,115,73,44,20,15,7,12,7,3345,77,710
2020-580,Australian Open,Hard,128,G,20200120,132,126610,8,,Matteo Berrettini,R,196,ITA,23.7,106302,,WC,Andrew Harris,R,183,AUS,25.8,6-3 6-1 6-3,5,R128,114,11,5,78,39,33,22,13,2,2,4,4,83,59,39,7,12,4,9,8,2870,162,316
2020-580,Australian Open,Hard,128,G,20200120,133,105815,,,Tennys Sandgren,R,188,USA,28.4,105477,,Q,Marco Trungelliti,R,178,ARG,29.9,6-1 6-4 7-5,5,R128,122,13,2,98,60,49,22,15,4,4,6,3,90,63,41,13,14,5,9,100,573,202,238
2020-580,Australian Open,Hard,128,G,20200120,134,105575,,,Ricardas Berankis,R,175,LTU,29.5,106148,,,Roberto Carballes Baena,R,183,ESP,26.8,6-4 6-2 6-2,5,R128,118,4,2,81,44,33,21,13,3,5,2,2,78,43,27,11,13,4,11,69,804,83,664
2020-580,Australian Open,Hard,128,G,20200120,135,105023,,,Sam Querrey,R,198,USA,32.2,106432,25,,Borna Coric,R,188,CRO,23.1,6-3 6-4 6-4,5,R128,104,18,1,76,50,41,17,15,1,2,7,4,84,47,33,20,14,7,11,45,1100,28,1490
2020-580,Australian Open,Hard,128,G,20200120,136,105550,22,,Guido Pella,L,183,ARG,29.6,105441,,WC,John Patrick Smith,L,188,AUS,30.9,6-3 7-5 6-4,5,R128,126,6,1,84,60,45,18,16,2,3,8,1,99,71,46,13,15,6,10,25,1585,308,130
2020-580,Australian Open,Hard,128,G,20200120,137,106296,,,Gregoire Barrere,R,183,FRA,25.9,105633,,Q,Mohamed Safwat,R,180,EGY,29.3,6-7(8) 7-6(1) 6-4 7-6(5),5,R128,207,17,8,159,92,67,39,23,7,12,10,7,177,115,75,29,23,13,19,84,649,173,291
2020-580,Australian Open,Hard,128,G,20200120,138,111442,,,Jordan Thompson,R,183,AUS,25.7,122330,,,Alexander Bublik,R,196,KAZ,22.5,6-4 6-3 6-2,5,R128,138,5,1,110,69,45,23,14,11,12,7,12,86,46,32,14,13,10,16,66,843,56,948
2020-580,Australian Open,Hard,128,G,20200120,139,104926,12,,Fabio Fognini,R,178,ITA,32.6,124187,,,Reilly Opelka,R,211,USA,22.3,3-6 6-7(3) 6-4 6-3 7-6(5),5,R128,218,11,6,146,87,66,43,26,4,5,35,4,168,118,88,27,26,3,6,12,2310,38,1227
2020-580,Australian Open,Hard,128,G,20200120,140,105916,,,Marton Fucsovics,R,188,HUN,27.9,133430,13,,Denis Shapovalov,L,185,CAN,20.7,6-3 6-7(7) 6-1 7-6(3),5,R128,193,3,5,126,80,65,25,20,6,7,7,8,142,86,65,22,20,5,11,67,827,13,2200
2020-580,Australian Open,Hard,128,G,20200120,141,206173,,,Jannik Sinner,R,191,ITA,18.4,126845,,Q,Max Purcell,R,185,AUS,21.7,7-6(2) 6-2 6-4,5,R128,139,2,1,91,53,42,20,15,4,6,3,3,106,71,42,17,15,4,9,82,671,216,221
2020-580,Australian Open,Hard,128,G,20200120,142,126205,,,Tommy Paul,R,185,USA,22.6,104919,,,Leonardo Mayer,R,188,ARG,32.6,4-6 6-4 6-4 6-4,5,R128,159,5,1,100,67,47,25,20,3,7,6,5,124,75,52,22,20,5,11,80,696,101,564
2020-580,Australian Open,Hard,128,G,20200120,143,105777,18,,Grigor Dimitrov,R,191,BUL,28.6,106228,,,Juan Ignacio Londero,R,180,ARG,26.4,4-6 6-2 6-0 6-4,5,R128,150,17,4,103,70,56,16,17,4,5,4,4,110,75,48,14,17,7,13,20,1772,52,1017
2020-580,Australian Open,Hard,128,G,20200120,144,128034,31,,Hubert Hurkacz,R,196,POL,22.9,110602,,Q,Dennis Novak,R,183,AUT,26.3,6-7(4) 1-6 6-2 6-3 6-4,5,R128,185,16,9,155,101,77,21,23,5,8,13,6,139,94,69,19,23,2,7,31,1398,99,574
2020-580,Australian Open,Hard,128,G,20200120,145,105357,,,John Millman,R,183,AUS,30.6,200005,,,Ugo Humbert,L,188,FRA,21.5,7-6(3) 6-3 1-6 7-5,5,R128,204,5,2,142,94,62,25,20,8,12,6,11,125,74,54,25,20,6,10,47,1096,43,1130
2020-580,Australian Open,Hard,128,G,20200120,146,105936,,,Filip Krajinovic,R,185,SRB,27.8,111460,,Q,Quentin Halys,R,191,FRA,23.2,7-6(7) 7-6(1) 3-6 4-6 7-5,5,R128,234,6,1,186,128,89,30,28,8,14,32,15,183,118,94,24,27,8,13,41,1158,215,222
2020-580,Australian Open,Hard,128,G,20200120,147,103819,3,,Roger Federer,R,185,SUI,38.4,105449,,,Steve Johnson,R,188,USA,30,6-3 6-2 6-2,5,R128,81,11,1,66,49,40,13,13,1,1,3,2,73,46,26,13,12,4,9,3,6590,75,720
2020-580,Australian Open,Hard,128,G,20200120,148,126774,6,,Stefanos Tsitsipas,R,193,GRE,21.4,106099,,,Salvatore Caruso,R,185,ITA,27,6-0 6-2 6-3,5,R128,103,8,2,61,36,33,15,12,0,0,2,1,76,48,27,9,11,7,13,6,5375,95,586
2020-580,Australian Open,Hard,128,G,20200120,149,104259,,,Philipp Kohlschreiber,R,178,GER,36.2,106218,,,Marcos Giron,R,180,USA,26.4,7-5 6-1 6-2,5,R128,116,6,0,85,53,43,17,14,4,5,5,1,95,65,38,13,13,9,15,79,700,107,521
2020-580,Australian Open,Hard,128,G,20200120,150,106426,,,Cristian Garin,R,185,CHI,23.6,105882,,,Stefano Travaglia,R,185,ITA,28,6-4 6-3 6-4,5,R128,131,4,1,93,65,47,19,15,6,7,5,5,86,49,33,17,14,5,9,36,1285,74,730
2020-580,Australian Open,Hard,128,G,20200120,151,105683,32,,Milos Raonic,R,196,CAN,29,105841,,LL,Lorenzo Giustino,R,180,ITA,28.3,6-2 6-1 6-3,5,R128,87,9,3,60,37,33,15,12,0,0,1,4,82,37,20,21,12,8,14,35,1305,150,347
2020-580,Australian Open,Hard,128,G,20200120,152,105332,21,,Benoit Paire,R,196,FRA,30.7,105649,,,Cedrik Marcel Stebe,L,183,GER,29.2,6-4 3-6 6-3 6-7(2) 6-0,5,R128,199,13,12,165,85,61,43,23,18,21,7,9,153,93,62,30,23,9,16,21,1703,154,340
2020-580,Australian Open,Hard,128,G,20200120,153,105227,,,Marin Cilic,R,198,CRO,31.3,144895,,,Corentin Moutet,L,180,FRA,20.7,6-3 6-2 6-4,5,R128,106,9,1,68,42,35,20,14,3,4,4,6,74,48,30,12,13,4,9,39,1205,70,800
2020-580,Australian Open,Hard,128,G,20200120,154,111581,,WC,Michael Mmoh,R,188,USA,22,104665,,,Pablo Andujar,R,180,ESP,33.9,6-1 6-4 6-4,5,R128,119,8,0,91,72,46,11,14,2,5,2,4,81,46,25,16,13,6,13,217,219,63,867
2020-580,Australian Open,Hard,128,G,20200120,155,105138,9,,Roberto Bautista Agut,R,183,ESP,31.7,103852,,,Feliciano Lopez,L,188,ESP,38.3,6-2 6-2 7-5,5,R128,130,2,1,76,56,42,14,14,4,5,12,3,89,54,37,10,14,4,10,9,2630,57,933
2020-580,Australian Open,Hard,128,G,20200120,156,106043,14,,Diego Schwartzman,R,170,ARG,27.4,144750,,,Lloyd Harris,R,193,RSA,22.9,6-4 6-2 6-2,5,R128,105,4,2,76,46,33,20,13,2,3,8,2,79,49,31,12,13,6,12,14,2130,72,746
2020-580,Australian Open,Hard,128,G,20200120,157,200221,,,Alejandro Davidovich Fokina,R,183,ESP,20.6,105613,,Q,Norbert Gombos,R,193,SVK,29.4,4-6 6-4 2-6 6-3 6-2,5,R128,184,3,2,150,102,63,29,23,11,16,7,5,144,90,63,25,22,12,18,88,627,113,498
2020-580,Australian Open,Hard,128,G,20200120,158,117360,,WC,Marc Polmans,R,188,AUS,22.7,105062,,,Mikhail Kukushkin,R,183,KAZ,32,6-4 6-3 4-6 6-7(8) 6-4,5,R128,257,22,2,171,121,83,21,26,5,11,7,4,175,110,67,33,25,7,15,133,411,68,816
2020-580,Australian Open,Hard,128,G,20200120,159,105583,24,,Dusan Lajovic,R,183,SRB,29.5,106378,,,Kyle Edmund,R,188,GBR,25,7-6(7) 6-3 7-6(4),5,R128,166,9,1,108,73,59,19,17,1,3,4,0,112,67,46,25,16,8,11,27,1516,65,845
2020-580,Australian Open,Hard,128,G,20200120,160,105554,30,,Daniel Evans,R,175,GBR,29.6,111456,,,Mackenzie Mcdonald,R,178,USA,24.7,3-6 4-6 6-1 6-2 6-3,5,R128,201,2,3,128,68,44,37,22,6,11,6,6,157,109,61,21,21,7,16,32,1349,129,419
2020-580,Australian Open,Hard,128,G,20200120,161,106415,,,Yoshihito Nishioka,L,170,JPN,24.3,111513,,,Laslo Djere,R,188,SRB,24.6,6-4 3-6 6-2 7-6(1),5,R128,174,2,2,124,74,45,28,20,5,11,7,5,128,75,48,22,19,6,14,71,797,40,1185
2020-580,Australian Open,Hard,128,G,20200120,162,105147,,WC,Tatsuma Ito,R,180,JPN,31.6,105432,,LL,Prajnesh Gunneswaran,L,188,IND,30.1,6-4 6-2 7-5,5,R128,121,6,4,98,74,52,13,15,2,3,13,0,97,65,44,12,15,7,11,146,362,123,442
2020-580,Australian Open,Hard,128,G,20200120,163,104925,2,,Novak Djokovic,R,188,SRB,32.6,105526,,,Jan Lennard Struff,R,193,GER,29.7,7-6(5) 6-2 2-6 6-1,5,R128,136,14,3,92,60,46,16,18,1,5,13,7,112,63,41,20,17,4,11,2,9720,37,1270
2020-580,Australian Open,Hard,128,G,20200120,164,104745,1,,Rafael Nadal,L,185,ESP,33.6,105643,,,Federico Delbonis,L,193,ARG,29.2,6-3 7-6(4) 6-1,5,R64,150,8,1,89,61,52,17,14,0,0,2,8,110,69,45,18,14,17,20,1,10235,76,711
2020-580,Australian Open,Hard,128,G,20200120,165,105807,27,,Pablo Carreno Busta,R,188,ESP,28.5,105376,,Q,Peter Gojowczyk,R,188,GER,30.5,6-4 6-1 1-6 6-4,5,R64,128,11,2,94,61,44,21,17,6,9,12,4,121,73,52,19,17,12,17,30,1422,120,463
2020-580,Australian Open,Hard,128,G,20200120,166,106401,23,,Nick Kyrgios,R,193,AUS,24.7,104468,,,Gilles Simon,R,183,FRA,35,6-2 6-4 4-6 7-5,5,R64,169,28,4,110,76,59,19,20,1,3,8,3,116,76,55,18,20,6,11,26,1520,61,890
2020-580,Australian Open,Hard,128,G,20200120,167,111575,16,,Karen Khachanov,R,198,RUS,23.6,144707,,,Mikael Ymer,R,183,SWE,21.3,6-2 2-6 6-4 3-6 7-6(8),5,R64,274,7,6,163,104,64,22,24,14,24,4,1,189,123,71,28,23,14,24,17,1995,78,709
2020-580,Australian Open,Hard,128,G,20200120,168,104792,10,,Gael Monfils,R,193,FRA,33.3,103333,,,Ivo Karlovic,R,208,CRO,40.8,4-6 7-6(8) 6-4 7-5,5,R64,152,5,7,127,92,79,15,22,1,2,17,8,138,85,71,25,22,4,6,10,2565,124,436
2020-580,Australian Open,Hard,128,G,20200120,169,105208,,Q,Ernests Gulbis,R,190,LAT,31.3,105379,,,Aljaz Bedene,R,181,SLO,30.5,7-5 6-3 6-2,5,R64,140,13,2,90,58,46,23,15,8,8,4,1,80,43,30,18,14,5,9,256,179,55,950
2020-580,Australian Open,Hard,128,G,20200120,170,126203,29,,Taylor Fritz,R,196,USA,22.2,104731,,,Kevin Anderson,R,203,RSA,33.6,4-6 6-7(5) 7-6(4) 6-2 6-2,5,R64,201,20,5,136,85,68,36,25,1,3,21,6,163,109,83,21,25,9,14,34,1335,122,445
2020-580,Australian Open,Hard,128,G,20200120,171,106233,5,,Dominic Thiem,R,185,AUT,26.3,106109,,WC,Alex Bolt,L,183,AUS,27,6-2 5-7 6-7(5) 6-1 6-2,5,R64,202,12,3,137,92,76,24,24,5,7,14,5,166,110,67,30,23,17,24,5,5890,140,377
2020-580,Australian Open,Hard,128,G,20200120,172,106421,4,,Daniil Medvedev,R,198,RUS,23.9,124079,,Q,Pedro Martinez,R,185,ESP,22.7,7-5 6-1 6-3,5,R64,129,19,2,84,48,39,23,14,3,4,4,1,93,63,38,10,14,6,12,4,5960,168,300
2020-580,Australian Open,Hard,128,G,20200120,173,200615,,,Alexei Popyrin,R,196,AUS,20.4,144719,,,Jaume Munar,R,183,ESP,22.7,6-2 7-6(5) 6-2,5,R64,124,8,6,95,64,48,18,14,4,4,1,2,92,55,38,17,14,5,9,96,585,90,608
2020-580,Australian Open,Hard,128,G,20200120,174,104545,19,,John Isner,R,208,USA,34.7,126214,,Q,Alejandro Tabilo,L,188,CHI,22.6,6-4 6-3 6-3,5,R64,84,32,2,73,58,50,8,14,0,0,7,5,83,55,38,14,14,3,7,19,1860,208,233
2020-580,Australian Open,Hard,128,G,20200120,175,104527,15,,Stan Wawrinka,R,183,SUI,34.8,104312,,,Andreas Seppi,R,190,ITA,35.9,4-6 7-5 6-3 3-6 6-4,5,R64,218,19,4,138,83,66,29,25,0,5,5,2,155,94,63,34,25,10,16,15,2045,85,646
2020-580,Australian Open,Hard,128,G,20200120,176,105676,11,,David Goffin,R,180,BEL,29.1,105732,,,Pierre Hugues Herbert,R,188,FRA,28.8,6-1 6-4 4-6 1-6 6-3,5,R64,186,3,12,132,82,52,21,22,8,16,9,6,145,81,44,32,21,9,18,11,2555,64,865
2020-580,Australian Open,Hard,128,G,20200120,177,126094,17,,Andrey Rublev,R,188,RUS,22.2,105216,,,Yuichi Sugita,R,173,JPN,31.3,6-2 6-3 7-6(5),5,R64,113,20,2,77,42,38,24,15,0,0,3,3,120,79,49,21,14,8,12,16,2004,91,608
2020-580,Australian Open,Hard,128,G,20200120,178,104269,,,Fernando Verdasco,L,188,ESP,36.1,105932,26,,Nikoloz Basilashvili,R,185,GEO,27.9,4-6 7-6(5) 6-4 6-4,5,R64,169,13,3,128,88,68,22,21,8,11,4,8,139,86,64,25,21,7,11,51,1050,29,1485
2020-580,Australian Open,Hard,128,G,20200120,179,100644,7,,Alexander Zverev,R,198,GER,22.7,106078,,,Egor Gerasimov,R,196,BLR,27.1,7-6(5) 6-4 7-5,5,R64,139,9,0,85,66,57,13,17,1,2,8,4,128,86,60,21,17,11,14,7,3345,98,575
2020-580,Australian Open,Hard,128,G,20200120,180,105815,,,Tennys Sandgren,R,188,USA,28.4,126610,8,,Matteo Berrettini,R,196,ITA,23.7,7-6(7) 6-4 4-6 2-6 7-5,5,R64,203,22,2,146,105,84,23,26,8,11,16,3,154,100,82,31,26,3,5,100,573,8,2870
2020-580,Australian Open,Hard,128,G,20200120,181,105023,,,Sam Querrey,R,198,USA,32.2,105575,,,Ricardas Berankis,R,175,LTU,29.5,7-6(2) 4-6 6-4 6-4,5,R64,155,26,4,112,68,59,23,21,3,6,7,8,136,74,53,33,21,6,10,45,1100,69,804
2020-580,Australian Open,Hard,128,G,20200120,182,105550,22,,Guido Pella,L,183,ARG,29.6,106296,,,Gregoire Barrere,R,183,FRA,25.9,6-1 6-4 3-6 6-3,5,R64,131,6,5,107,77,54,18,18,7,9,3,3,96,60,40,15,17,6,11,25,1585,84,649
2020-580,Australian Open,Hard,128,G,20200120,183,104926,12,,Fabio Fognini,R,178,ITA,32.6,111442,,,Jordan Thompson,R,183,AUS,25.7,7-6(4) 6-1 3-6 4-6 7-6(4),5,R64,245,10,6,164,93,68,42,25,8,11,12,4,169,101,74,34,25,8,11,12,2310,66,843
2020-580,Australian Open,Hard,128,G,20200120,184,105916,,,Marton Fucsovics,R,188,HUN,27.9,206173,,,Jannik Sinner,R,191,ITA,18.4,6-4 6-4 6-3,5,R64,136,6,3,88,55,38,16,15,1,4,0,4,101,55,36,17,14,5,12,67,827,82,671
2020-580,Australian Open,Hard,128,G,20200120,185,126205,,,Tommy Paul,R,185,USA,22.6,105777,18,,Grigor Dimitrov,R,191,BUL,28.6,6-4 7-6(6) 3-6 6-7(3) 7-6(3),5,R64,259,11,5,214,123,86,44,28,9,15,21,8,189,125,85,34,27,11,16,80,696,20,1772
2020-580,Australian Open,Hard,128,G,20200120,186,105357,,,John Millman,R,183,AUS,30.6,128034,31,,Hubert Hurkacz,R,196,POL,22.9,6-4 7-5 6-3,5,R64,148,5,5,117,65,42,23,16,5,10,9,8,81,45,29,11,15,2,10,47,1096,31,1398
2020-580,Australian Open,Hard,128,G,20200120,187,103819,3,,Roger Federer,R,185,SUI,38.4,105936,,,Filip Krajinovic,R,185,SRB,27.8,6-1 6-4 6-1,5,R64,92,14,0,68,47,36,13,12,2,3,4,2,77,57,33,4,12,7,14,3,6590,41,1158
2020-580,Australian Open,Hard,128,G,20200120,188,126774,6,,Stefanos Tsitsipas,R,193,GRE,21.4,104259,,,Philipp Kohlschreiber,R,178,GER,36.2,W/O,5,R64,0,,,,,,,,,,,,,,,,,,,6,5375,79,700
2020-580,Australian Open,Hard,128,G,20200120,189,105683,32,,Milos Raonic,R,196,CAN,29,106426,,,Cristian Garin,R,185,CHI,23.6,6-3 6-4 6-2,5,R64,97,19,6,74,39,36,22,14,3,3,2,3,70,54,35,7,13,0,4,35,1305,36,1285
2020-580,Australian Open,Hard,128,G,20200120,190,105227,,,Marin Cilic,R,198,CRO,31.3,105332,21,,Benoit Paire,R,196,FRA,30.7,6-2 6-7(6) 3-6 6-1 7-6(3),5,R64,213,17,6,160,107,85,26,24,6,9,30,10,153,88,73,24,24,4,10,39,1205,21,1703
2020-580,Australian Open,Hard,128,G,20200120,191,105138,9,,Roberto Bautista Agut,R,183,ESP,31.7,111581,,WC,Michael Mmoh,R,188,USA,22,5-7 6-2 6-4 6-1,5,R64,164,3,1,100,72,57,16,19,1,2,14,6,134,100,65,11,18,11,17,9,2630,217,219
2020-580,Australian Open,Hard,128,G,20200120,192,106043,14,,Diego Schwartzman,R,170,ARG,27.4,200221,,,Alejandro Davidovich Fokina,R,183,ESP,20.6,6-1 6-4 6-2,5,R64,116,4,5,87,48,33,22,13,3,5,1,3,84,58,30,9,12,7,14,14,2130,88,627
2020-580,Australian Open,Hard,128,G,20200120,193,105583,24,,Dusan Lajovic,R,183,SRB,29.5,117360,,WC,Marc Polmans,R,188,AUS,22.7,6-2 6-4 6-3,5,R64,112,12,0,88,66,46,14,14,5,5,2,1,86,62,34,14,13,4,9,27,1516,133,411
2020-580,Australian Open,Hard,128,G,20200120,194,106415,,,Yoshihito Nishioka,L,170,JPN,24.3,105554,30,,Daniel Evans,R,175,GBR,29.6,6-4 6-3 6-4,5,R64,119,2,1,87,65,49,12,15,2,2,7,1,87,52,37,19,14,3,7,71,797,32,1349
2020-580,Australian Open,Hard,128,G,20200120,195,104925,2,,Novak Djokovic,R,188,SRB,32.6,105147,,WC,Tatsuma Ito,R,180,JPN,31.6,6-1 6-4 6-2,5,R64,95,16,5,64,46,43,10,13,0,0,9,1,77,50,33,9,12,4,9,2,9720,146,362
2020-580,Australian Open,Hard,128,G,20200120,196,104745,1,,Rafael Nadal,L,185,ESP,33.6,105807,27,,Pablo Carreno Busta,R,188,ESP,28.5,6-1 6-2 6-4,5,R32,98,9,0,62,39,34,18,13,0,0,6,1,63,41,29,7,12,5,10,1,10235,30,1422
2020-580,Australian Open,Hard,128,G,20200120,197,106401,23,,Nick Kyrgios,R,193,AUS,24.7,111575,16,,Karen Khachanov,R,198,RUS,23.6,6-2 7-6(5) 6-7(6) 6-7(7) 7-6(8),5,R32,266,33,4,186,125,102,32,28,3,4,21,5,190,129,104,29,28,3,6,26,1520,17,1995
2020-580,Australian Open,Hard,128,G,20200120,198,104792,10,,Gael Monfils,R,193,FRA,33.3,105208,,Q,Ernests Gulbis,R,190,LAT,31.3,7-6(2) 6-4 6-3,5,R32,147,9,6,97,67,52,18,16,4,6,9,6,99,57,37,21,15,4,9,10,2565,256,179
2020-580,Australian Open,Hard,128,G,20200120,199,106233,5,,Dominic Thiem,R,185,AUT,26.3,126203,29,,Taylor Fritz,R,196,USA,22.2,6-2 6-4 6-7(5) 6-4,5,R32,170,12,5,134,90,69,24,20,6,7,20,4,122,85,60,17,20,4,9,5,5890,34,1335
2020-580,Australian Open,Hard,128,G,20200120,200,106421,4,,Daniil Medvedev,R,198,RUS,23.9,200615,,,Alexei Popyrin,R,196,AUS,20.4,6-4 6-3 6-2,5,R32,107,6,3,76,43,33,22,14,1,1,8,7,86,55,37,10,13,3,8,4,5960,96,585
2020-580,Australian Open,Hard,128,G,20200120,201,104527,15,,Stan Wawrinka,R,183,SUI,34.8,104545,19,,John Isner,R,208,USA,34.7,6-4 4-1 RET,5,R32,65,8,0,46,21,18,16,8,3,3,7,1,49,36,23,5,7,5,8,15,2045,19,1860
2020-580,Australian Open,Hard,128,G,20200120,202,126094,17,,Andrey Rublev,R,188,RUS,22.2,105676,11,,David Goffin,R,180,BEL,29.1,2-6 7-6(3) 6-4 7-6(4),5,R32,180,14,3,132,82,64,22,21,1,6,11,1,134,80,56,25,21,2,6,16,2004,11,2555
2020-580,Australian Open,Hard,128,G,20200120,203,100644,7,,Alexander Zverev,R,198,GER,22.7,104269,,,Fernando Verdasco,L,188,ESP,36.1,6-2 6-2 6-4,5,R32,116,15,3,82,61,47,8,13,4,5,3,2,84,49,27,16,13,4,10,7,3345,51,1050
2020-580,Australian Open,Hard,128,G,20200120,204,105815,,,Tennys Sandgren,R,188,USA,28.4,105023,,,Sam Querrey,R,198,USA,32.2,6-4 6-4 6-4,5,R32,112,12,4,102,65,50,17,15,12,14,15,5,90,59,42,9,15,3,8,100,573,45,1100
2020-580,Australian Open,Hard,128,G,20200120,205,104926,12,,Fabio Fognini,R,178,ITA,32.6,105550,22,,Guido Pella,L,183,ARG,29.6,7-6(0) 6-2 6-3,5,R32,129,11,5,95,61,47,19,15,6,8,7,1,87,60,37,13,14,1,6,12,2310,25,1585
2020-580,Australian Open,Hard,128,G,20200120,206,105916,,,Marton Fucsovics,R,188,HUN,27.9,126205,,,Tommy Paul,R,185,USA,22.6,6-1 6-1 6-4,5,R32,106,6,1,72,47,36,17,12,4,4,3,3,71,40,25,12,12,8,14,67,827,80,696
2020-580,Australian Open,Hard,128,G,20200120,207,103819,3,,Roger Federer,R,185,SUI,38.4,105357,,,John Millman,R,183,AUS,30.6,4-6 7-6(2) 6-4 4-6 7-6(8),5,R32,243,16,6,170,111,85,30,27,4,8,11,4,189,118,80,43,27,7,10,3,6590,47,1096
2020-580,Australian Open,Hard,128,G,20200120,208,105683,32,,Milos Raonic,R,196,CAN,29,126774,6,,Stefanos Tsitsipas,R,193,GRE,21.4,7-5 6-4 7-6(2),5,R32,150,19,1,97,63,56,20,17,0,0,9,3,106,70,52,18,17,4,6,35,1305,6,5375
2020-580,Australian Open,Hard,128,G,20200120,209,105227,,,Marin Cilic,R,198,CRO,31.3,105138,9,,Roberto Bautista Agut,R,183,ESP,31.7,6-7(3) 6-4 6-0 5-7 6-3,5,R32,250,24,2,149,97,75,28,25,8,10,9,2,168,116,76,27,24,12,19,39,1205,9,2630
2020-580,Australian Open,Hard,128,G,20200120,210,106043,14,,Diego Schwartzman,R,170,ARG,27.4,105583,24,,Dusan Lajovic,R,183,SRB,29.5,6-2 6-3 7-6(7),5,R32,133,3,2,95,60,43,17,15,2,6,5,2,86,57,32,12,14,4,11,14,2130,27,1516
2020-580,Australian Open,Hard,128,G,20200120,211,104925,2,,Novak Djokovic,R,188,SRB,32.6,106415,,,Yoshihito Nishioka,L,170,JPN,24.3,6-3 6-2 6-2,5,R32,85,17,2,62,46,43,11,13,1,1,1,4,74,43,29,12,12,1,6,2,9720,71,797
2020-580,Australian Open,Hard,128,G,20200120,212,104745,1,,Rafael Nadal,L,185,ESP,33.6,106401,23,,Nick Kyrgios,R,193,AUS,24.7,6-3 3-6 7-6(6) 7-6(4),5,R16,218,12,4,120,78,66,27,21,1,3,25,5,151,113,83,14,21,7,9,1,10235,26,1520
2020-580,Australian Open,Hard,128,G,20200120,213,106233,5,,Dominic Thiem,R,185,AUT,26.3,104792,10,,Gael Monfils,R,193,FRA,33.3,6-2 6-4 6-4,5,R16,110,2,1,70,46,39,18,14,0,0,9,0,104,79,48,12,14,10,14,5,5890,10,2565
2020-580,Australian Open,Hard,128,G,20200120,214,104527,15,,Stan Wawrinka,R,183,SUI,34.8,106421,4,,Daniil Medvedev,R,198,RUS,23.9,6-2 2-6 4-6 7-6(2) 6-2,5,R16,205,18,1,138,95,72,22,23,5,8,19,2,143,98,67,25,23,7,11,15,2045,4,5960
2020-580,Australian Open,Hard,128,G,20200120,215,100644,7,,Alexander Zverev,R,198,GER,22.7,126094,17,,Andrey Rublev,R,188,RUS,22.2,6-4 6-4 6-4,5,R16,97,11,3,72,54,49,11,15,0,0,5,5,81,53,41,14,15,4,7,7,3345,16,2004
2020-580,Australian Open,Hard,128,G,20200120,216,105815,,,Tennys Sandgren,R,188,USA,28.4,104926,12,,Fabio Fognini,R,178,ITA,32.6,7-6(5) 7-5 6-7(2) 6-4,5,R16,207,21,2,141,95,69,24,23,5,8,8,3,132,67,52,33,23,0,5,100,573,12,2310
2020-580,Australian Open,Hard,128,G,20200120,217,103819,3,,Roger Federer,R,185,SUI,38.4,105916,,,Marton Fucsovics,R,188,HUN,27.9,4-6 6-1 6-2 6-2,5,R16,131,5,0,103,63,48,21,17,7,9,1,1,89,42,24,25,16,5,12,3,6590,67,827
2020-580,Australian Open,Hard,128,G,20200120,218,105683,32,,Milos Raonic,R,196,CAN,29,105227,,,Marin Cilic,R,198,CRO,31.3,6-4 6-3 7-5,5,R16,139,35,3,94,69,55,14,16,4,4,5,3,84,50,38,18,15,5,8,35,1305,39,1205
2020-580,Australian Open,Hard,128,G,20200120,219,104925,2,,Novak Djokovic,R,188,SRB,32.6,106043,14,,Diego Schwartzman,R,170,ARG,27.4,6-3 6-4 6-4,5,R16,126,8,1,86,55,41,21,15,2,3,1,4,89,50,31,19,14,4,8,2,9720,14,2130
2020-580,Australian Open,Hard,128,G,20200120,220,106233,5,,Dominic Thiem,R,185,AUT,26.3,104745,1,,Rafael Nadal,L,185,ESP,33.6,7-6(3) 7-6(4) 4-6 7-6(6),5,QF,250,14,4,140,83,65,28,23,5,9,11,3,151,105,72,24,23,5,8,5,5890,1,10235
2020-580,Australian Open,Hard,128,G,20200120,221,100644,7,,Alexander Zverev,R,198,GER,22.7,104527,15,,Stan Wawrinka,R,183,SUI,34.8,1-6 6-3 6-4 6-2,5,QF,139,13,1,93,74,56,8,17,3,6,4,5,105,59,41,24,17,8,13,7,3345,15,2045
2020-580,Australian Open,Hard,128,G,20200120,222,103819,3,,Roger Federer,R,185,SUI,38.4,105815,,,Tennys Sandgren,R,188,USA,28.4,6-3 2-6 2-6 7-6(8) 6-3,5,QF,211,5,3,171,112,80,31,23,10,14,27,5,150,97,77,24,23,11,13,3,6590,100,573
2020-580,Australian Open,Hard,128,G,20200120,223,104925,2,,Novak Djokovic,R,188,SRB,32.6,105683,32,,Milos Raonic,R,196,CAN,29,6-4 6-3 7-6(1),5,QF,169,4,1,101,70,60,15,16,2,2,18,6,128,81,58,20,15,14,16,2,9720,35,1305
2020-580,Australian Open,Hard,128,G,20200120,224,106233,5,,Dominic Thiem,R,185,AUT,26.3,100644,7,,Alexander Zverev,R,198,GER,22.7,3-6 6-4 7-6(3) 7-6(4),5,SF,222,10,4,144,96,74,19,22,9,14,16,3,127,103,70,12,21,5,9,5,5890,7,3345
2020-580,Australian Open,Hard,128,G,20200120,225,104925,2,,Novak Djokovic,R,188,SRB,32.6,103819,3,,Roger Federer,R,185,SUI,38.4,7-6(1) 6-4 6-3,5,SF,138,11,1,102,74,54,15,16,5,7,15,3,104,68,45,15,15,7,11,2,9720,3,6590
2020-580,Australian Open,Hard,128,G,20200120,226,104925,2,,Novak Djokovic,R,188,SRB,32.6,106233,5,,Dominic Thiem,R,185,AUT,26.3,6-4 4-6 2-6 6-3 6-4,5,F,239,9,5,134,87,66,24,24,7,12,13,5,170,108,75,28,23,7,12,2,9720,5,5890
2020-560,Us Open,Hard,128,G,20200831,100,104925,1,,Novak Djokovic,R,188,SRB,33.2,106000,,,Damir Dzumhur,R,175,BIH,28.2,6-1 6-4 6-1,5,R128,118,5,5,82,49,36,18,12,6,7,2,8,95,53,29,15,12,12,19,1,10860,109,524
2020-560,Us Open,Hard,128,G,20200831,101,106378,,,Kyle Edmund,R,188,GBR,25.6,122330,,,Alexander Bublik,R,196,KAZ,23.2,2-6 7-5 7-5 6-0,5,R128,167,2,4,109,70,53,22,19,4,7,18,10,124,72,56,18,19,10,16,44,1050,54,965
2020-560,Us Open,Hard,128,G,20200831,102,111581,,,Michael Mmoh,R,188,USA,22.6,105311,,,Joao Sousa,R,185,POR,31.4,6-2 7-5 2-6 6-1,5,R128,154,8,4,116,79,58,19,18,7,10,7,2,94,56,32,25,17,4,10,186,281,68,776
2020-560,Us Open,Hard,128,G,20200831,103,105526,28,,Jan Lennard Struff,R,193,GER,30.3,124079,,,Pedro Martinez,R,185,ESP,23.3,6-0 7-5 6-4,5,R128,131,13,2,85,41,36,20,14,4,7,3,6,110,66,37,14,14,10,18,29,1405,106,546
2020-560,Us Open,Hard,128,G,20200831,104,105807,20,,Pablo Carreno Busta,R,188,ESP,29.1,106034,,,Yasutaka Uchiyama,R,183,JPN,28,4-6 6-3 1-6 6-3 6-3,5,R128,201,5,5,149,96,69,26,22,9,12,14,5,148,101,79,15,22,12,16,27,1500,86,685
2020-560,Us Open,Hard,128,G,20200831,105,106283,,,Mitchell Krueger,R,188,USA,26.6,105155,,,Pedro Sousa,R,180,POR,32.2,3-6 6-2 7-5 6-3,5,R128,157,11,2,121,77,54,25,19,5,8,10,3,115,71,52,16,19,5,11,198,264,110,522
2020-560,Us Open,Hard,128,G,20200831,106,105575,,,Ricardas Berankis,R,175,LTU,30.1,105943,,,Federico Gaio,R,178,ITA,28.4,7-6(3) 4-6 6-4 6-4,5,R128,186,6,3,119,68,49,31,21,3,7,9,6,135,60,44,38,22,8,13,65,809,132,423
2020-560,Us Open,Hard,128,G,20200831,107,105449,,,Steve Johnson,R,188,USA,30.6,104545,16,,John Isner,R,208,USA,35.3,6-7(5) 6-3 6-7(5) 6-3 7-6(3),5,R128,230,22,4,185,113,96,40,29,5,5,52,4,171,134,99,23,28,9,11,64,825,22,1805
2020-560,Us Open,Hard,128,G,20200831,108,133430,12,,Denis Shapovalov,L,185,CAN,21.3,200624,,,Sebastian Korda,R,196,USA,20.1,6-4 4-6 6-3 6-2,5,R128,167,13,4,100,64,53,21,19,1,2,1,3,139,100,58,23,18,10,14,17,2075,205,252
2020-560,Us Open,Hard,128,G,20200831,109,126952,,,Soon Woo Kwon,R,180,KOR,22.7,111515,,,Thai Son Kwiatkowski,R,188,USA,25.5,3-6 7-6(4) 6-1 6-2,5,R128,170,3,1,106,69,54,21,17,5,7,11,4,121,70,45,25,20,2,8,73,742,187,281
2020-560,Us Open,Hard,128,G,20200831,110,104468,,,Gilles Simon,R,183,FRA,35.6,105633,,,Mohamed Safwat,R,180,EGY,29.9,6-1 6-4 6-4,5,R128,131,10,2,92,53,41,20,14,4,5,2,3,88,52,29,19,13,5,10,52,970,135,407
2020-560,Us Open,Hard,128,G,20200831,111,126203,19,,Taylor Fritz,R,196,USA,22.8,136440,,,Dominik Koepfer,L,180,GER,26.3,6-7(7) 6-3 6-2 6-4,5,R128,165,15,4,118,63,52,31,20,6,8,5,10,126,71,47,27,20,7,14,25,1545,91,652
2020-560,Us Open,Hard,128,G,20200831,112,105936,26,,Filip Krajinovic,R,185,SRB,28.5,144707,,,Mikael Ymer,R,183,SWE,21.9,6-2 7-6(3) 6-3,5,R128,136,4,1,98,66,51,17,16,4,6,9,4,78,39,28,17,14,1,6,26,1503,71,759
2020-560,Us Open,Hard,128,G,20200831,113,106218,,,Marcos Giron,R,180,USA,27.1,117360,,,Marc Polmans,R,188,AUS,23.3,6-4 6-7(5) 3-6 6-4 6-2,5,R128,225,11,2,157,111,76,21,25,7,13,4,12,161,107,66,26,25,11,19,96,639,121,462
2020-560,Us Open,Hard,128,G,20200831,114,144750,,,Lloyd Harris,R,193,RSA,23.5,106065,,,Marco Cecchinato,R,185,ITA,27.9,6-4 7-5 6-2,5,R128,114,12,4,88,57,46,14,15,8,10,3,8,95,59,36,17,15,3,9,95,641,108,526
2020-560,Us Open,Hard,128,G,20200831,115,105676,7,,David Goffin,R,180,BEL,29.7,124187,,,Reilly Opelka,R,211,USA,23,7-6(2) 3-6 6-1 6-4,5,R128,147,3,7,117,65,53,30,19,6,8,18,4,125,77,59,19,20,3,7,10,2555,35,1312
2020-560,Us Open,Hard,128,G,20200831,116,126774,4,,Stefanos Tsitsipas,R,193,GRE,22,105077,,,Albert Ramos,L,188,ESP,32.6,6-2 6-1 6-1,5,R128,98,13,5,64,39,35,11,11,0,0,0,7,77,37,20,16,11,7,14,6,5095,41,1130
2020-560,Us Open,Hard,128,G,20200831,117,202195,,,Maxime Cressy,R,201,USA,23.3,106075,,,Jozef Kovalik,R,183,SVK,27.8,6-1 2-6 6-4 6-4,5,R128,138,23,15,102,50,42,29,18,3,6,4,3,92,65,46,13,17,1,6,168,320,123,452
2020-560,Us Open,Hard,128,G,20200831,118,106228,,,Juan Ignacio Londero,R,180,ARG,27,105539,,,Evgeny Donskoy,R,185,RUS,30.3,6-3 6-3 7-5,5,R128,113,4,1,83,51,33,22,15,0,3,6,6,86,49,35,10,15,4,11,62,832,114,505
2020-560,Us Open,Hard,128,G,20200831,119,106432,27,,Borna Coric,R,188,CRO,23.7,104665,,,Pablo Andujar,R,180,ESP,34.6,7-5 6-3 6-1,5,R128,141,12,2,99,61,46,21,14,8,9,0,3,82,54,34,10,14,2,8,32,1355,56,942
2020-560,Us Open,Hard,128,G,20200831,120,106078,,,Egor Gerasimov,R,196,BLR,27.8,105583,18,,Dusan Lajovic,R,183,SRB,30.1,6-1 4-6 6-4 6-4,5,R128,146,11,4,111,68,54,21,19,3,5,7,2,112,77,49,20,18,10,15,72,744,24,1695
2020-560,Us Open,Hard,128,G,20200831,121,111442,,,Jordan Thompson,R,183,AUS,26.3,105882,,,Stefano Travaglia,R,185,ITA,28.6,6-3 6-4 4-6 6-2,5,R128,161,6,1,99,65,50,21,19,2,5,6,5,121,73,56,18,18,16,22,63,829,87,684
2020-560,Us Open,Hard,128,G,20200831,122,105062,,,Mikhail Kukushkin,R,183,KAZ,32.6,105226,,,Attila Balazs,R,180,HUN,31.9,6-4 7-5 6-4,5,R128,136,3,1,92,51,38,26,16,5,7,4,9,89,47,36,18,16,1,6,90,661,78,715
2020-560,Us Open,Hard,128,G,20200831,123,106426,13,,Cristian Garin,R,185,CHI,24.2,200265,,,Ulises Blanch,R,188,USA,22.4,4-6 5-7 6-4 6-4 6-2,5,R128,192,15,7,140,94,74,23,25,6,9,13,5,159,87,61,39,25,11,16,19,1900,244,207
2020-560,Us Open,Hard,128,G,20200831,124,111815,,,Cameron Norrie,L,188,GBR,25,106043,9,,Diego Schwartzman,R,170,ARG,28,3-6 4-6 6-2 6-1 7-5,5,R128,239,11,5,171,107,66,30,23,19,27,1,8,175,119,63,26,23,20,31,76,727,13,2265
2020-560,Us Open,Hard,128,G,20200831,125,105948,,,Federico Coria,R,180,ARG,28.4,105359,,,Jason Jung,R,180,TPE,31.2,2-6 4-6 6-4 6-1 2-0 RET,5,R128,160,12,2,115,79,57,16,19,5,10,4,3,109,75,47,16,18,8,14,103,569,122,462
2020-560,Us Open,Hard,128,G,20200831,126,200221,,,Alejandro Davidovich Fokina,R,183,ESP,21.2,110602,,,Dennis Novak,R,183,AUT,27,3-6 6-4 6-3 1-6 6-0,5,R128,173,2,4,136,87,51,26,20,9,15,7,5,133,89,54,19,21,7,15,99,627,85,695
2020-560,Us Open,Hard,128,G,20200831,127,128034,24,,Hubert Hurkacz,R,196,POL,23.5,105376,,,Peter Gojowczyk,R,188,GER,31.1,6-3 6-4 6-4,5,R128,110,14,2,90,54,39,22,15,3,5,3,10,91,47,33,19,14,6,11,33,1353,127,444
2020-560,Us Open,Hard,128,G,20200831,128,105173,32,,Adrian Mannarino,L,180,FRA,32.1,132283,,,Lorenzo Sonego,R,191,ITA,25.3,6-1 6-4 2-6 6-3,5,R128,161,1,2,99,66,43,18,17,4,8,9,2,99,66,44,11,17,7,14,39,1191,46,1030
2020-560,Us Open,Hard,128,G,20200831,129,106058,,,Jack Sock,R,191,USA,27.9,104655,,,Pablo Cuevas,R,180,URU,34.6,3-6 6-4 6-2 4-6 7-6(2),5,R128,195,10,10,144,84,66,34,25,4,7,12,5,150,101,76,24,25,2,6,389,95,61,857
2020-560,Us Open,Hard,128,G,20200831,130,206909,,,Brandon Nakashima,R,188,USA,19,103893,,,Paolo Lorenzi,R,183,ITA,38.7,6-3 6-2 7-6(3),5,R128,132,9,2,87,58,50,18,16,2,2,6,3,84,46,36,16,14,1,4,223,229,125,447
2020-560,Us Open,Hard,128,G,20200831,131,100644,5,,Alexander Zverev,R,198,GER,23.3,104731,,,Kevin Anderson,R,203,RSA,34.2,7-6(2) 5-7 6-3 7-5,5,R128,187,18,6,135,91,78,20,23,3,5,20,7,131,77,62,27,23,1,4,7,3630,117,490
2020-560,Us Open,Hard,128,G,20200831,132,126610,6,,Matteo Berrettini,R,196,ITA,24.3,104424,,,Go Soeda,R,178,JPN,35.9,7-6(5) 6-1 6-4,5,R128,121,18,0,78,50,47,19,15,4,4,0,3,88,53,32,23,15,2,5,8,2940,119,480
2020-560,Us Open,Hard,128,G,20200831,133,200005,,,Ugo Humbert,L,188,FRA,22.1,105216,,,Yuichi Sugita,R,173,JPN,31.9,6-3 6-4 6-3,5,R128,112,12,3,70,48,38,15,14,0,1,4,4,98,53,37,21,14,12,17,42,1111,88,682
2020-560,Us Open,Hard,128,G,20200831,134,200325,,,Emil Ruusuvuori,R,188,FIN,21.4,105379,,,Aljaz Bedene,R,181,SLO,31.1,6-3 3-6 6-1 4-6 6-1,5,R128,189,8,9,124,75,53,29,21,2,5,13,15,145,72,53,31,21,13,20,92,648,53,965
2020-560,Us Open,Hard,128,G,20200831,135,134770,30,,Casper Ruud,R,183,NOR,21.6,111456,,,Mackenzie Mcdonald,R,178,USA,25.3,4-6 4-6 6-4 6-3 6-2,5,R128,222,11,3,147,99,67,26,24,5,9,9,5,169,98,63,37,23,18,24,37,1279,243,207
2020-560,Us Open,Hard,128,G,20200831,136,124014,,,Ernesto Escobedo,R,185,MEX,24.1,111794,,,Kamil Majchrzak,R,180,POL,24.6,7-6(3) 6-2 6-3,5,R128,119,14,6,95,54,44,22,16,5,6,9,7,97,44,35,22,14,4,8,185,284,107,532
2020-560,Us Open,Hard,128,G,20200831,137,106099,,,Salvatore Caruso,R,185,ITA,27.7,105902,,,James Duckworth,R,183,AUS,28.6,4-6 7-5 7-5 6-2,5,R128,200,8,11,145,86,61,35,21,10,12,4,2,134,74,48,34,21,11,16,100,623,84,697
2020-560,Us Open,Hard,128,G,20200831,138,106296,,,Gregoire Barrere,R,183,FRA,26.5,106121,,,Taro Daniel,R,191,JPN,27.5,6-3 6-4 3-6 6-1,5,R128,155,15,5,116,67,52,26,18,4,6,6,5,113,64,39,26,17,7,12,93,647,112,511
2020-560,Us Open,Hard,128,G,20200831,139,126094,10,,Andrey Rublev,R,188,RUS,22.8,104871,,,Jeremy Chardy,R,188,FRA,33.5,6-4 6-4 6-3,5,R128,127,11,3,89,47,40,22,14,7,8,21,11,126,83,58,14,15,17,22,14,2234,60,860
2020-560,Us Open,Hard,128,G,20200831,140,105777,14,,Grigor Dimitrov,R,191,BUL,29.2,126205,,,Tommy Paul,R,185,USA,23.2,6-4 6-3 6-1,5,R128,111,1,4,77,50,42,15,13,7,7,3,3,82,51,29,14,13,7,12,20,1885,58,894
2020-560,Us Open,Hard,128,G,20200831,141,105916,,,Marton Fucsovics,R,188,HUN,28.5,106198,,,Hugo Dellien,R,180,BOL,27.2,6-3 6-3 6-1,5,R128,106,7,2,73,36,29,25,13,4,5,1,2,72,52,24,11,12,4,10,66,787,97,638
2020-560,Us Open,Hard,128,G,20200831,142,126207,,,Frances Tiafoe,R,188,USA,22.6,104312,,,Andreas Seppi,R,190,ITA,36.5,4-6 6-3 6-4 7-5,5,R128,182,12,5,135,80,64,30,21,8,9,13,4,125,80,58,23,20,7,10,82,700,89,671
2020-560,Us Open,Hard,128,G,20200831,143,105357,,,John Millman,R,183,AUS,31.2,105932,22,,Nikoloz Basilashvili,R,185,GEO,28.5,6-1 6-4 6-4,5,R128,119,6,0,93,54,43,23,14,7,7,4,2,82,47,30,18,13,4,8,43,1096,30,1395
2020-560,Us Open,Hard,128,G,20200831,144,200670,,,J J Wolf,R,183,USA,21.6,105550,29,,Guido Pella,L,183,ARG,30.2,6-2 0-6 6-3 6-3,5,R128,133,13,8,98,54,39,23,16,3,6,3,3,97,68,46,12,16,2,7,138,402,36,1310
2020-560,Us Open,Hard,128,G,20200831,145,106148,,,Roberto Carballes Baena,R,183,ESP,27.4,103852,,,Feliciano Lopez,L,188,ESP,38.9,3-6 7-6(5) 6-4 6-3,5,R128,180,3,5,110,71,54,24,20,2,4,17,11,139,66,53,34,21,10,14,101,614,57,908
2020-560,Us Open,Hard,128,G,20200831,146,106331,,,Christopher Oconnell,R,183,AUS,26.2,111513,,,Laslo Djere,R,188,SRB,25.2,4-6 6-4 7-6(2) 6-4,5,R128,189,4,1,139,85,61,29,22,8,12,6,10,131,74,57,23,21,6,11,116,498,81,705
2020-560,Us Open,Hard,128,G,20200831,147,106421,3,,Daniil Medvedev,R,198,RUS,24.5,105643,,,Federico Delbonis,L,193,ARG,29.9,6-1 6-2 6-4,5,R128,106,4,4,66,43,37,16,13,2,2,1,3,84,54,32,13,12,4,9,5,5890,79,711
2020-560,Us Open,Hard,128,G,20200831,148,105138,8,,Roberto Bautista Agut,R,183,ESP,32.3,105815,,,Tennys Sandgren,R,188,USA,29.1,6-4 6-4 7-6(3),5,R128,166,4,2,113,78,51,23,17,17,19,14,5,111,59,45,21,16,7,11,11,2540,48,1013
2020-560,Us Open,Hard,128,G,20200831,149,200175,,,Miomir Kecmanovic,R,183,SRB,21,126149,,,Gianluca Mager,R,188,ITA,25.7,6-4 6-4 6-7(6) 3-6 6-2,5,R128,174,26,10,163,91,75,39,24,9,10,22,6,155,95,72,39,25,7,11,47,1028,80,711
2020-560,Us Open,Hard,128,G,20200831,150,105577,,,Vasek Pospisil,R,193,CAN,30.1,104259,,,Philipp Kohlschreiber,R,178,GER,36.8,7-6(4) 7-5 7-6(3),5,R128,174,23,7,120,68,58,28,19,2,4,9,4,128,65,50,31,19,8,11,94,642,75,729
2020-560,Us Open,Hard,128,G,20200831,151,105683,25,,Milos Raonic,R,196,CAN,29.6,104919,,,Leonardo Mayer,R,188,ARG,33.2,6-3 6-2 6-3,5,R128,109,14,5,65,38,34,18,13,0,0,5,7,83,45,28,18,13,4,9,18,1950,120,464
2020-560,Us Open,Hard,128,G,20200831,152,200282,21,,Alex De Minaur,R,183,AUS,21.5,105413,,,Andrej Martin,R,183,SVK,30.9,6-4 6-3 7-5,5,R128,131,2,4,97,59,41,21,15,6,8,6,2,102,64,38,18,16,2,8,28,1485,98,638
2020-560,Us Open,Hard,128,G,20200831,153,104755,,,Richard Gasquet,R,183,FRA,34.2,103333,,,Ivo Karlovic,R,208,CRO,41.5,7-6(0) 7-6(4) 6-1,5,R128,113,8,3,98,68,56,21,17,5,6,20,4,94,54,36,25,16,5,8,51,985,126,444
2020-560,Us Open,Hard,128,G,20200831,154,105723,,,Andrey Kuznetsov,R,183,RUS,29.5,105023,,,Sam Querrey,R,198,USA,32.9,6-4 7-6(6) 6-2,5,R128,104,18,2,94,57,48,24,16,3,3,11,2,84,44,38,21,15,3,6,,,45,1045
2020-560,Us Open,Hard,128,G,20200831,155,111575,11,,Karen Khachanov,R,198,RUS,24.2,206173,,,Jannik Sinner,R,191,ITA,19,3-6 6-7(7) 6-2 6-0 7-6(4),5,R128,224,18,8,159,99,77,35,25,6,7,12,5,191,108,80,37,24,17,22,16,2120,74,733
2020-560,Us Open,Hard,128,G,20200831,156,200000,15,,Felix Auger Aliassime,R,193,CAN,20,106329,,,Thiago Monteiro,L,183,BRA,26.2,6-3 6-7(7) 7-6(6) 7-6(6),5,R128,231,18,8,150,94,79,31,24,2,2,8,4,145,113,85,22,24,7,8,21,1806,83,700
2020-560,Us Open,Hard,128,G,20200831,157,104918,,,Andy Murray,R,191,GBR,33.2,106415,,,Yoshihito Nishioka,L,170,JPN,24.9,4-6 4-6 7-6(5) 7-6(4) 6-4,5,R128,279,14,13,193,110,85,39,29,11,16,8,5,162,109,77,30,27,2,6,115,502,49,1007
2020-560,Us Open,Hard,128,G,20200831,158,144895,,,Corentin Moutet,L,180,FRA,21.3,106210,,,Jiri Vesely,L,198,CZE,27.1,6-4 6-4 7-5,5,R128,144,4,4,101,65,48,22,16,8,9,14,2,103,65,46,16,16,9,13,77,722,67,785
2020-560,Us Open,Hard,128,G,20200831,159,105554,23,,Daniel Evans,R,175,GBR,30.2,205734,,,Thiago Seyboth Wild,R,185,BRA,20.4,6-2 6-1 7-6(5),5,R128,136,9,1,83,48,38,24,14,2,2,5,4,92,53,30,20,14,5,10,31,1384,113,507
2020-560,Us Open,Hard,128,G,20200831,160,105227,31,,Marin Cilic,R,198,CRO,31.9,106045,,,Denis Kudla,R,180,USA,28,6-7(3) 3-6 7-5 7-5 6-3,5,R128,213,26,8,150,90,75,29,27,1,4,19,7,168,104,77,33,28,7,12,38,1225,111,521
2020-560,Us Open,Hard,128,G,20200831,161,105613,,,Norbert Gombos,R,193,SVK,30,105430,,,Radu Albot,R,175,MDA,30.8,6-4 6-1 6-4,5,R128,133,6,2,88,57,43,18,14,2,3,7,5,104,67,45,12,13,8,13,104,550,70,772
2020-560,Us Open,Hard,128,G,20200831,162,111576,,,Sumit Nagal,R,178,IND,23,105614,,,Bradley Klahn,L,183,USA,30,6-1 6-3 3-6 6-1,5,R128,132,1,5,88,70,54,11,16,1,2,10,5,116,73,46,19,16,11,17,124,448,129,436
2020-560,Us Open,Hard,128,G,20200831,163,106233,2,,Dominic Thiem,R,185,AUT,26.9,144719,,,Jaume Munar,R,183,ESP,23.3,7-6(6) 6-3 RET,5,R128,115,9,2,68,43,31,15,12,5,7,1,5,76,43,25,19,10,7,10,3,7135,105,548
2020-560,Us Open,Hard,128,G,20200831,164,104925,1,,Novak Djokovic,R,188,SRB,33.2,106378,,,Kyle Edmund,R,188,GBR,25.6,6-7(5) 6-3 6-4 6-2,5,R64,193,16,3,108,72,60,21,20,3,5,7,6,139,82,53,27,20,6,12,1,10860,44,1050
2020-560,Us Open,Hard,128,G,20200831,165,105526,28,,Jan Lennard Struff,R,193,GER,30.3,111581,,,Michael Mmoh,R,188,USA,22.6,6-2 6-2 7-5,5,R64,100,14,1,72,43,39,20,14,1,1,3,1,81,51,35,12,14,4,9,29,1405,186,281
2020-560,Us Open,Hard,128,G,20200831,166,105807,20,,Pablo Carreno Busta,R,188,ESP,29.1,106283,,,Mitchell Krueger,R,188,USA,26.6,6-1 6-2 6-2,5,R64,93,4,1,52,36,30,14,11,0,0,6,3,72,42,24,10,12,4,11,27,1500,198,264
2020-560,Us Open,Hard,128,G,20200831,167,105575,,,Ricardas Berankis,R,175,LTU,30.1,105449,,,Steve Johnson,R,188,USA,30.6,7-5 6-2 1-6 7-6(1),5,R64,162,13,3,110,65,57,25,20,3,5,13,10,130,77,62,22,20,5,8,65,809,64,825
2020-560,Us Open,Hard,128,G,20200831,168,133430,12,,Denis Shapovalov,L,185,CAN,21.3,126952,,,Soon Woo Kwon,R,180,KOR,22.7,6-7(5) 6-4 6-4 6-2,5,R64,222,20,6,123,73,58,27,21,6,7,2,4,134,83,56,25,20,4,9,17,2075,73,742
2020-560,Us Open,Hard,128,G,20200831,169,126203,19,,Taylor Fritz,R,196,USA,22.8,104468,,,Gilles Simon,R,183,FRA,35.6,7-5 6-3 6-2,5,R64,120,16,2,94,51,39,27,15,8,9,4,2,75,44,31,15,14,3,8,25,1545,52,970
2020-560,Us Open,Hard,128,G,20200831,170,105936,26,,Filip Krajinovic,R,185,SRB,28.5,106218,,,Marcos Giron,R,180,USA,27.1,6-4 6-1 6-3,5,R64,113,6,3,79,50,41,16,13,7,8,6,3,84,52,30,12,13,6,12,26,1503,96,639
2020-560,Us Open,Hard,128,G,20200831,171,105676,7,,David Goffin,R,180,BEL,29.7,144750,,,Lloyd Harris,R,193,RSA,23.5,7-6(6) 4-6 6-1 6-4,5,R64,174,12,7,150,90,69,24,21,11,15,11,3,106,78,55,11,19,3,9,10,2555,95,641
2020-560,Us Open,Hard,128,G,20200831,172,126774,4,,Stefanos Tsitsipas,R,193,GRE,22,202195,,,Maxime Cressy,R,201,USA,23.3,7-6(2) 6-3 6-4,5,R64,144,9,6,107,62,52,22,16,4,4,21,10,112,72,50,21,16,8,10,6,5095,168,320
2020-560,Us Open,Hard,128,G,20200831,173,106432,27,,Borna Coric,R,188,CRO,23.7,106228,,,Juan Ignacio Londero,R,180,ARG,27,7-5 4-6 6-7(5) 6-2 6-3,5,R64,259,15,7,178,103,75,34,26,6,11,5,6,154,102,72,21,25,9,17,32,1355,62,832
2020-560,Us Open,Hard,128,G,20200831,174,111442,,,Jordan Thompson,R,183,AUS,26.3,106078,,,Egor Gerasimov,R,196,BLR,27.8,6-1 6-4 3-6 6-3,5,R64,165,8,0,111,71,51,23,18,5,7,2,6,109,78,52,11,17,9,14,63,829,72,744
2020-560,Us Open,Hard,128,G,20200831,175,105062,,,Mikhail Kukushkin,R,183,KAZ,32.6,106426,13,,Cristian Garin,R,185,CHI,24.2,6-2 6-1 3-6 4-6 7-5,5,R64,239,6,7,155,91,64,30,23,10,16,12,7,145,79,52,26,23,4,13,90,661,19,1900
2020-560,Us Open,Hard,128,G,20200831,176,111815,,,Cameron Norrie,L,188,GBR,25,105948,,,Federico Coria,R,180,ARG,28.4,6-3 6-4 6-4,5,R64,127,5,2,108,79,51,20,15,13,14,5,3,84,50,34,17,14,6,10,76,727,103,569
2020-560,Us Open,Hard,128,G,20200831,177,200221,,,Alejandro Davidovich Fokina,R,183,ESP,21.2,128034,24,,Hubert Hurkacz,R,196,POL,23.5,6-4 1-6 6-2 6-2,5,R64,167,2,2,105,71,48,20,16,4,6,17,4,127,73,52,22,17,13,18,99,627,33,1353
2020-560,Us Open,Hard,128,G,20200831,178,105173,32,,Adrian Mannarino,L,180,FRA,32.1,106058,,,Jack Sock,R,191,USA,27.9,7-6(5) 7-5 6-2,5,R64,151,13,1,100,62,48,18,16,6,9,8,7,96,51,36,18,17,5,11,39,1191,389,95
2020-560,Us Open,Hard,128,G,20200831,179,100644,5,,Alexander Zverev,R,198,GER,23.3,206909,,,Brandon Nakashima,R,188,USA,19,7-5 6-7(8) 6-3 6-1,5,R64,175,24,10,129,97,81,11,21,5,5,5,4,137,80,52,34,20,5,10,7,3630,223,229
2020-560,Us Open,Hard,128,G,20200831,180,126610,6,,Matteo Berrettini,R,196,ITA,24.3,200005,,,Ugo Humbert,L,188,FRA,22.1,6-4 6-4 7-6(6),5,R64,127,17,1,87,59,51,19,17,1,1,5,6,100,63,45,19,16,4,6,8,2940,42,1111
2020-560,Us Open,Hard,128,G,20200831,181,134770,30,,Casper Ruud,R,183,NOR,21.6,200325,,,Emil Ruusuvuori,R,188,FIN,21.4,6-4 6-3 3-2 RET,5,R64,127,12,5,97,60,45,15,12,11,12,4,9,68,41,31,8,12,3,7,37,1279,92,648
2020-560,Us Open,Hard,128,G,20200831,182,106099,,,Salvatore Caruso,R,185,ITA,27.7,124014,,,Ernesto Escobedo,R,185,MEX,24.1,3-6 6-4 6-3 6-4,5,R64,189,15,5,138,75,57,34,19,14,15,21,12,128,65,53,30,19,9,12,100,623,185,284
2020-560,Us Open,Hard,128,G,20200831,183,126094,10,,Andrey Rublev,R,188,RUS,22.8,106296,,,Gregoire Barrere,R,183,FRA,26.5,6-2 6-4 7-6(4),5,R64,112,13,2,96,58,47,21,16,5,7,7,1,85,50,34,16,15,1,6,14,2234,93,647
2020-560,Us Open,Hard,128,G,20200831,184,105916,,,Marton Fucsovics,R,188,HUN,28.5,105777,14,,Grigor Dimitrov,R,191,BUL,29.2,6-7(5) 7-6(4) 3-6 6-4 6-1,5,R64,290,5,3,168,103,69,38,25,8,14,6,9,213,137,89,34,27,27,35,66,787,20,1885
2020-560,Us Open,Hard,128,G,20200831,185,126207,,,Frances Tiafoe,R,188,USA,22.6,105357,,,John Millman,R,183,AUS,31.2,7-6(6) 3-6 1-6 6-3 6-3,5,R64,237,12,6,172,107,68,33,24,16,23,14,5,155,90,63,35,23,9,15,82,700,43,1096
2020-560,Us Open,Hard,128,G,20200831,186,200670,,,J J Wolf,R,183,USA,21.6,106148,,,Roberto Carballes Baena,R,183,ESP,27.4,6-2 6-4 6-3,5,R64,117,13,4,76,45,36,15,13,5,7,6,5,91,61,30,17,14,4,11,138,402,101,614
2020-560,Us Open,Hard,128,G,20200831,187,106421,3,,Daniil Medvedev,R,198,RUS,24.5,106331,,,Christopher Oconnell,R,183,AUS,26.2,6-3 6-2 6-4,5,R64,136,9,1,82,49,41,18,14,2,2,4,2,103,69,41,17,13,13,17,5,5890,116,498
2020-560,Us Open,Hard,128,G,20200831,188,105138,8,,Roberto Bautista Agut,R,183,ESP,32.3,200175,,,Miomir Kecmanovic,R,183,SRB,21,6-3 3-6 6-3 6-4,5,R64,158,7,4,123,72,54,33,10,5,6,12,1,120,81,57,18,10,14,17,11,2540,47,1028
2020-560,Us Open,Hard,128,G,20200831,189,105577,,,Vasek Pospisil,R,193,CAN,30.1,105683,25,,Milos Raonic,R,196,CAN,29.6,6-7(1) 6-3 7-6(4) 6-3,5,R64,198,20,5,132,88,72,27,23,5,5,29,11,133,91,75,19,21,8,10,94,642,18,1950
2020-560,Us Open,Hard,128,G,20200831,190,200282,21,,Alex De Minaur,R,183,AUS,21.5,104755,,,Richard Gasquet,R,183,FRA,34.2,6-4 6-3 6-7(6) 7-5,5,R64,182,11,8,137,80,64,27,10,6,9,8,3,135,83,52,26,9,6,12,28,1485,51,985
2020-560,Us Open,Hard,128,G,20200831,191,111575,11,,Karen Khachanov,R,198,RUS,24.2,105723,,,Andrey Kuznetsov,R,183,RUS,29.5,6-3 6-4 6-1,5,R64,110,2,0,66,47,39,12,13,3,4,5,2,97,68,44,8,13,9,15,16,2120,,
2020-560,Us Open,Hard,128,G,20200831,192,200000,15,,Felix Auger Aliassime,R,193,CAN,20,104918,,,Andy Murray,R,191,GBR,33.2,6-2 6-3 6-4,5,R64,128,24,2,70,46,41,15,14,0,0,2,2,95,52,29,25,13,5,9,21,1806,115,502
2020-560,Us Open,Hard,128,G,20200831,193,144895,,,Corentin Moutet,L,180,FRA,21.3,105554,23,,Daniel Evans,R,175,GBR,30.2,4-6 6-3 7-6(5) 7-6(1),5,R64,255,6,6,150,97,67,26,22,6,11,5,12,163,88,59,35,23,12,18,77,722,31,1384
2020-560,Us Open,Hard,128,G,20200831,194,105227,31,,Marin Cilic,R,198,CRO,31.9,105613,,,Norbert Gombos,R,193,SVK,30,6-3 1-6 7-6(2) 7-5,5,R64,178,15,8,124,77,57,22,21,4,8,6,7,127,74,55,26,20,8,12,38,1225,104,550
2020-560,Us Open,Hard,128,G,20200831,195,106233,2,,Dominic Thiem,R,185,AUT,26.9,111576,,,Sumit Nagal,R,178,IND,23,6-3 6-3 6-2,5,R64,119,7,1,74,47,35,18,13,6,8,1,4,90,64,36,10,13,8,15,3,7135,124,448
2020-560,Us Open,Hard,128,G,20200831,196,104925,1,,Novak Djokovic,R,188,SRB,33.2,105526,28,,Jan Lennard Struff,R,193,GER,30.3,6-3 6-3 6-1,5,R32,103,4,5,81,51,41,17,13,4,4,8,3,76,44,27,14,12,6,11,1,10860,29,1405
2020-560,Us Open,Hard,128,G,20200831,197,105807,20,,Pablo Carreno Busta,R,188,ESP,29.1,105575,,,Ricardas Berankis,R,175,LTU,30.1,6-4 6-3 6-2,5,R32,114,2,2,77,51,37,15,14,3,6,3,3,86,48,29,15,13,11,18,27,1500,65,809
2020-560,Us Open,Hard,128,G,20200831,198,133430,12,,Denis Shapovalov,L,185,CAN,21.3,126203,19,,Taylor Fritz,R,196,USA,22.8,3-6 6-3 4-6 7-6(5) 6-2,5,R32,206,22,10,150,102,78,23,24,10,15,18,5,143,84,67,27,25,3,9,17,2075,25,1545
2020-560,Us Open,Hard,128,G,20200831,199,105676,7,,David Goffin,R,180,BEL,29.7,105936,26,,Filip Krajinovic,R,185,SRB,28.5,6-1 7-6(5) 6-4,5,R32,124,8,7,97,63,46,13,15,4,8,7,3,88,51,31,14,15,6,13,10,2555,26,1503
2020-560,Us Open,Hard,128,G,20200831,200,106432,27,,Borna Coric,R,188,CRO,23.7,126774,4,,Stefanos Tsitsipas,R,193,GRE,22,6-7(2) 6-4 4-6 7-5 7-6(4),5,R32,276,4,2,171,112,77,35,28,10,15,16,3,179,121,81,37,30,7,13,32,1355,6,5095
2020-560,Us Open,Hard,128,G,20200831,201,111442,,,Jordan Thompson,R,183,AUS,26.3,105062,,,Mikhail Kukushkin,R,183,KAZ,32.6,7-5 6-4 6-1,5,R32,143,11,2,86,56,43,15,15,3,5,2,2,97,48,24,25,14,7,13,63,829,90,661
2020-560,Us Open,Hard,128,G,20200831,202,200221,,,Alejandro Davidovich Fokina,R,183,ESP,21.2,111815,,,Cameron Norrie,L,188,GBR,25,7-6(2) 4-6 6-2 6-1,5,R32,163,4,3,114,78,53,25,19,5,8,8,6,118,76,49,19,19,12,18,99,627,76,727
2020-560,Us Open,Hard,128,G,20200831,203,100644,5,,Alexander Zverev,R,198,GER,23.3,105173,32,,Adrian Mannarino,L,180,FRA,32.1,6-7(4) 6-4 6-2 6-2,5,R32,172,14,11,116,73,58,22,20,6,8,4,2,121,75,47,23,19,2,9,7,3630,39,1191
2020-560,Us Open,Hard,128,G,20200831,204,126610,6,,Matteo Berrettini,R,196,ITA,24.3,134770,30,,Casper Ruud,R,183,NOR,21.6,6-4 6-4 6-2,5,R32,123,13,4,88,53,45,19,14,5,5,2,3,86,54,37,16,14,6,10,8,2940,37,1279
2020-560,Us Open,Hard,128,G,20200831,205,126094,10,,Andrey Rublev,R,188,RUS,22.8,106099,,,Salvatore Caruso,R,185,ITA,27.7,6-0 6-4 6-0,5,R32,84,17,3,60,38,33,9,11,1,2,3,2,70,40,20,8,11,5,13,14,2234,100,623
2020-560,Us Open,Hard,128,G,20200831,206,126207,,,Frances Tiafoe,R,188,USA,22.6,105916,,,Marton Fucsovics,R,188,HUN,28.5,6-2 6-3 6-2,5,R32,104,4,1,81,47,39,18,13,5,6,4,2,65,38,20,12,12,3,9,82,700,66,787
2020-560,Us Open,Hard,128,G,20200831,207,106421,3,,Daniil Medvedev,R,198,RUS,24.5,200670,,,J J Wolf,R,183,USA,21.6,6-3 6-3 6-2,5,R32,108,13,1,77,40,32,20,13,2,4,3,8,89,46,28,15,13,3,10,5,5890,138,402
2020-560,Us Open,Hard,128,G,20200831,208,105577,,,Vasek Pospisil,R,193,CAN,30.1,105138,8,,Roberto Bautista Agut,R,183,ESP,32.3,7-5 2-6 4-6 6-3 6-2,5,R32,220,19,7,162,100,75,30,24,12,15,2,3,130,85,62,23,23,4,8,94,642,11,2540
2020-560,Us Open,Hard,128,G,20200831,209,200282,21,,Alex De Minaur,R,183,AUS,21.5,111575,11,,Karen Khachanov,R,198,RUS,24.2,6-4 0-6 4-6 6-3 6-1,5,R32,182,8,6,141,81,56,27,21,5,10,6,5,137,90,52,28,21,7,13,28,1485,16,2120
2020-560,Us Open,Hard,128,G,20200831,210,200000,15,,Felix Auger Aliassime,R,193,CAN,20,144895,,,Corentin Moutet,L,180,FRA,21.3,6-1 6-0 6-4,5,R32,117,5,4,76,49,36,17,12,3,4,2,3,76,45,22,12,11,7,14,21,1806,77,722
2020-560,Us Open,Hard,128,G,20200831,211,106233,2,,Dominic Thiem,R,185,AUT,26.9,105227,31,,Marin Cilic,R,198,CRO,31.9,6-2 6-2 3-6 6-3,5,R32,147,9,2,104,61,53,20,17,7,8,5,3,98,61,45,16,17,5,10,3,7135,38,1225
2020-560,Us Open,Hard,128,G,20200831,212,105807,20,,Pablo Carreno Busta,R,188,ESP,29.1,104925,1,,Novak Djokovic,R,188,SRB,33.2,6-5 DEF,5,R16,60,3,0,36,24,18,6,5,4,4,9,0,28,20,16,5,6,1,2,27,1500,1,10860
2020-560,Us Open,Hard,128,G,20200831,213,133430,12,,Denis Shapovalov,L,185,CAN,21.3,105676,7,,David Goffin,R,180,BEL,29.7,6-7(0) 6-3 6-4 6-3,5,R16,210,13,5,130,83,63,25,21,6,7,3,5,157,95,65,27,20,11,16,17,2075,10,2555
2020-560,Us Open,Hard,128,G,20200831,214,106432,27,,Borna Coric,R,188,CRO,23.7,111442,,,Jordan Thompson,R,183,AUS,26.3,7-5 6-1 6-3,5,R16,128,4,0,87,62,47,12,14,1,2,2,4,80,44,28,14,14,5,11,32,1355,63,829
2020-560,Us Open,Hard,128,G,20200831,215,100644,5,,Alexander Zverev,R,198,GER,23.3,200221,,,Alejandro Davidovich Fokina,R,183,ESP,21.2,6-2 6-2 6-1,5,R16,94,18,2,77,51,38,13,11,6,7,2,4,75,53,23,9,12,3,11,7,3630,99,627
2020-560,Us Open,Hard,128,G,20200831,216,126094,10,,Andrey Rublev,R,188,RUS,22.8,126610,6,,Matteo Berrettini,R,196,ITA,24.3,4-6 6-3 6-3 6-3,5,R16,162,9,4,117,68,58,24,19,7,8,5,3,110,62,44,25,18,5,9,14,2234,8,2940
2020-560,Us Open,Hard,128,G,20200831,217,106421,3,,Daniil Medvedev,R,198,RUS,24.5,126207,,,Frances Tiafoe,R,188,USA,22.6,6-4 6-1 6-0,5,R16,98,7,1,60,31,22,20,11,0,1,1,1,70,44,24,6,12,3,11,5,5890,82,700
2020-560,Us Open,Hard,128,G,20200831,218,200282,21,,Alex De Minaur,R,183,AUS,21.5,105577,,,Vasek Pospisil,R,193,CAN,30.1,7-6(6) 6-3 6-2,5,R16,137,2,2,85,50,40,22,16,1,2,9,6,110,66,48,14,14,3,7,28,1485,94,642
2020-560,Us Open,Hard,128,G,20200831,219,106233,2,,Dominic Thiem,R,185,AUT,26.9,200000,15,,Felix Auger Aliassime,R,193,CAN,20,7-6(4) 6-1 6-1,5,R16,127,3,2,80,54,40,18,14,2,3,12,2,88,53,32,14,13,8,14,3,7135,21,1806
2020-560,Us Open,Hard,128,G,20200831,220,105807,20,,Pablo Carreno Busta,R,188,ESP,29.1,133430,12,,Denis Shapovalov,L,185,CAN,21.3,3-6 7-6(5) 7-6(4) 0-6 6-3,5,QF,248,5,1,144,102,69,23,26,8,16,26,11,169,104,82,26,24,16,21,27,1500,17,2075
2020-560,Us Open,Hard,128,G,20200831,221,100644,5,,Alexander Zverev,R,198,GER,23.3,106432,27,,Borna Coric,R,188,CRO,23.7,1-6 7-6(5) 7-6(1) 6-3,5,QF,205,18,12,141,100,76,17,21,11,15,5,2,127,92,64,20,21,5,8,7,3630,32,1355
2020-560,Us Open,Hard,128,G,20200831,222,106421,3,,Daniil Medvedev,R,198,RUS,24.5,126094,10,,Andrey Rublev,R,188,RUS,22.8,7-6(6) 6-3 7-6(5),5,QF,147,16,3,97,57,51,26,18,0,0,10,1,100,51,40,30,17,0,1,5,5890,14,2234
2020-560,Us Open,Hard,128,G,20200831,223,106233,2,,Dominic Thiem,R,185,AUT,26.9,200282,21,,Alex De Minaur,R,183,AUS,21.5,6-1 6-2 6-4,5,QF,124,11,3,89,53,44,14,13,5,7,1,3,76,43,21,17,12,6,13,3,7135,28,1485
2020-560,Us Open,Hard,128,G,20200831,224,100644,5,,Alexander Zverev,R,198,GER,23.3,105807,20,,Pablo Carreno Busta,R,188,ESP,29.1,3-6 2-6 6-3 6-4 6-3,5,SF,203,24,8,138,86,67,19,22,9,16,4,1,149,106,68,18,23,14,22,7,3630,27,1500
2020-560,Us Open,Hard,128,G,20200831,225,106233,2,,Dominic Thiem,R,185,AUT,26.9,106421,3,,Daniil Medvedev,R,198,RUS,24.5,6-2 7-6(7) 7-6(5),5,SF,176,2,3,114,67,53,26,17,6,8,12,4,126,74,56,21,17,6,10,3,7135,5,5890
2020-560,Us Open,Hard,128,G,20200831,226,106233,2,,Dominic Thiem,R,185,AUT,26.9,100644,5,,Alexander Zverev,R,198,GER,23.3,2-6 4-6 6-4 6-3 7-6(6),5,F,242,8,8,165,103,70,30,26,10,18,15,15,157,101,71,23,24,6,13,3,7135,7,3630
2020-520,Roland Garros,Clay,128,G,20200928,1101,104925,1,,Novak Djokovic,R,188,SRB,33.3,144707,,,Mikael Ymer,R,183,SWE,22,6-0 6-2 6-3,5,R128,98,2,2,58,35,26,14,12,0,2,2,5,72,48,20,8,11,2,11,1,11260,80,763
2020-520,Roland Garros,Clay,128,G,20200928,1102,105575,,,Ricardas Berankis,R,175,LTU,30.2,106198,,,Hugo Dellien,R,180,BOL,27.2,6-1 6-4 6-4,5,R128,149,3,1,102,56,46,22,14,6,6,2,0,93,73,44,8,13,7,11,66,854,104,638
2020-520,Roland Garros,Clay,128,G,20200928,1103,123755,,LL,Daniel Elahi Galan,R,191,COL,24.2,111815,,,Cameron Norrie,L,188,GBR,25.1,4-6 6-3 5-7 6-1 6-1,5,R128,222,6,0,169,111,70,26,23,12,19,2,6,148,99,54,21,22,11,22,153,379,72,807
2020-520,Roland Garros,Clay,128,G,20200928,1104,105815,,,Tennys Sandgren,R,188,USA,29.1,128034,29,,Hubert Hurkacz,R,196,POL,23.6,7-5 2-6 4-6 7-6(1) 11-9,5,R128,271,14,7,186,112,74,41,31,7,14,10,8,200,123,86,39,31,12,18,47,1068,31,1468
2020-520,Roland Garros,Clay,128,G,20200928,1105,106426,20,,Cristian Garin,R,185,CHI,24.3,104259,,,Philipp Kohlschreiber,R,178,GER,36.9,6-4 4-6 6-1 6-4,5,R128,174,7,4,119,73,53,26,19,2,4,1,3,132,70,43,37,18,11,16,19,2090,86,729
2020-520,Roland Garros,Clay,128,G,20200928,1106,117360,,LL,Marc Polmans,R,188,AUS,23.4,200005,,,Ugo Humbert,L,188,FRA,22.2,6-2 6-2 3-6 6-3,5,R128,182,3,1,118,86,61,18,17,10,11,8,5,115,76,55,13,17,6,11,122,485,38,1286
2020-520,Roland Garros,Clay,128,G,20200928,1107,106210,,,Jiri Vesely,L,198,CZE,27.2,106281,,Q,Liam Broady,L,183,GBR,26.7,6-2 5-7 6-3 6-2,5,R128,166,14,1,102,76,58,16,19,1,3,3,1,132,82,55,19,18,9,15,68,840,207,260
2020-520,Roland Garros,Clay,128,G,20200928,1108,111575,15,,Karen Khachanov,R,198,RUS,24.3,111794,,,Kamil Majchrzak,R,180,POL,24.7,7-6(3) 6-3 6-3,5,R128,116,6,2,90,65,51,11,15,6,8,8,2,93,56,36,18,15,6,11,16,2200,100,650
2020-520,Roland Garros,Clay,128,G,20200928,1109,105138,10,,Roberto Bautista Agut,R,183,ESP,32.4,104755,,,Richard Gasquet,R,183,FRA,34.2,7-6(5) 6-2 6-1,5,R128,118,6,0,79,52,35,15,14,4,7,1,4,108,64,38,16,13,9,17,10,2665,50,1030
2020-520,Roland Garros,Clay,128,G,20200928,1110,105226,,,Attila Balazs,R,180,HUN,32,106034,,,Yasutaka Uchiyama,R,183,JPN,28.1,6-2 6-3 7-5,5,R128,141,3,3,83,50,39,20,15,2,3,6,3,102,63,41,14,14,8,13,87,722,95,685
2020-520,Roland Garros,Clay,128,G,20200928,1111,105550,,,Guido Pella,L,183,ARG,30.3,106099,,,Salvatore Caruso,R,185,ITA,27.7,7-6(6) 6-7(4) 7-5 6-4,5,R128,225,9,3,158,106,75,26,23,6,11,5,3,156,99,62,31,23,4,11,37,1310,85,742
2020-520,Roland Garros,Clay,128,G,20200928,1112,105807,17,,Pablo Carreno Busta,R,188,ESP,29.2,105357,,,John Millman,R,183,AUS,31.2,6-3 6-2 7-5,5,R128,136,4,0,80,55,37,14,15,4,7,1,2,109,62,37,15,14,14,22,18,2130,43,1166
2020-520,Roland Garros,Clay,128,G,20200928,1113,105526,30,,Jan Lennard Struff,R,193,GER,30.4,126207,,,Frances Tiafoe,R,188,USA,22.6,3-6 7-6(5) 6-3 6-7(2) 6-3,5,R128,240,23,4,161,94,67,38,26,7,10,10,4,197,111,75,43,25,9,15,32,1450,67,845
2020-520,Roland Garros,Clay,128,G,20200928,1114,127157,,Q,Daniel Altmaier,R,188,GER,22,103852,,,Feliciano Lopez,L,188,ESP,39,7-6(1) 6-4 6-4,5,R128,158,10,1,107,63,45,25,16,9,12,11,3,124,70,40,28,16,10,15,186,302,57,953
2020-520,Roland Garros,Clay,128,G,20200928,1115,144750,,,Lloyd Harris,R,193,RSA,23.5,200615,,,Alexei Popyrin,R,196,AUS,21.1,6-4 6-4 7-6(7),5,R128,120,17,1,95,68,56,17,16,0,0,7,7,101,67,51,17,16,6,8,90,701,108,576
2020-520,Roland Garros,Clay,128,G,20200928,1116,126610,7,,Matteo Berrettini,R,196,ITA,24.4,105577,,,Vasek Pospisil,R,193,CAN,30.2,6-3 6-1 6-3,5,R128,108,4,2,64,37,29,20,13,1,1,3,5,99,52,31,20,12,14,20,8,3030,76,777
2020-520,Roland Garros,Clay,128,G,20200928,1117,105916,,,Marton Fucsovics,R,188,HUN,28.6,106421,4,,Daniil Medvedev,R,198,RUS,24.6,6-4 7-6(3) 2-6 6-1,5,R128,197,2,6,131,72,50,29,19,4,9,3,4,115,69,44,22,18,7,13,63,877,5,5890
2020-520,Roland Garros,Clay,128,G,20200928,1118,105077,,,Albert Ramos,L,188,ESP,32.6,105173,,,Adrian Mannarino,L,180,FRA,32.2,6-4 6-3 6-0,5,R128,114,0,2,72,40,27,23,13,1,2,2,6,94,50,32,16,12,5,12,44,1130,39,1271
2020-520,Roland Garros,Clay,128,G,20200928,1119,106218,,,Marcos Giron,R,180,USA,27.1,111460,,WC,Quentin Halys,R,191,FRA,23.9,7-5 3-6 6-7(5) 7-5 8-6,5,R128,262,8,1,201,134,87,36,30,9,16,15,15,194,117,79,36,29,11,20,96,684,202,274
2020-520,Roland Garros,Clay,128,G,20200928,1120,106329,,,Thiago Monteiro,L,183,BRA,26.3,105932,31,,Nikoloz Basilashvili,R,185,GEO,28.5,7-5 6-4 6-2,5,R128,125,6,0,88,60,47,20,15,6,6,0,2,87,47,29,26,15,4,8,84,749,33,1395
2020-520,Roland Garros,Clay,128,G,20200928,1121,105583,22,,Dusan Lajovic,R,183,SRB,30.2,126149,,,Gianluca Mager,R,188,ITA,25.8,6-4 7-6(4) 4-6 6-1,5,R128,166,6,1,120,87,62,20,20,3,7,0,2,142,95,59,22,19,15,21,24,1785,89,713
2020-520,Roland Garros,Clay,128,G,20200928,1122,104731,,,Kevin Anderson,R,203,RSA,34.3,111513,,,Laslo Djere,R,188,SRB,25.3,6-2 6-3 6-4,5,R128,131,11,1,81,56,42,14,14,3,5,1,3,90,63,38,8,13,8,14,118,510,73,797
2020-520,Roland Garros,Clay,128,G,20200928,1123,200221,,,Alejandro Davidovich Fokina,R,183,ESP,21.3,208004,,WC,Harold Mayot,R,180,FRA,18.6,7-6(5) 6-3 7-5,5,R128,165,2,2,109,67,46,24,17,7,10,4,1,122,59,34,35,16,4,9,70,829,412,88
2020-520,Roland Garros,Clay,128,G,20200928,1124,126094,13,,Andrey Rublev,R,188,RUS,22.9,105023,,,Sam Querrey,R,198,USA,32.9,6-7(5) 6-7(4) 7-5 6-4 6-3,5,R128,197,23,2,158,92,71,40,28,5,9,29,11,175,105,79,32,27,7,15,12,2614,48,1055
2020-520,Roland Garros,Clay,128,G,20200928,1125,133430,9,,Denis Shapovalov,L,185,CAN,21.4,104468,,,Gilles Simon,R,183,FRA,35.7,6-2 7-5 5-7 6-3,5,R128,209,6,7,119,82,49,18,21,6,13,5,12,158,83,48,31,20,13,24,11,2660,54,1005
2020-520,Roland Garros,Clay,128,G,20200928,1126,106148,,,Roberto Carballes Baena,R,183,ESP,27.5,105449,,,Steve Johnson,R,188,USA,30.7,6-1 6-1 6-0,5,R128,83,1,0,52,42,32,9,10,3,3,1,1,64,34,17,8,10,4,12,101,649,64,870
2020-520,Roland Garros,Clay,128,G,20200928,1127,105413,,,Andrej Martin,R,183,SVK,31,105311,,,Joao Sousa,R,185,POR,31.4,7-5 6-1 6-2,5,R128,110,2,3,79,51,35,20,14,3,5,2,4,73,49,26,8,13,3,10,102,649,77,776
2020-520,Roland Garros,Clay,128,G,20200928,1128,105777,18,,Grigor Dimitrov,R,191,BUL,29.3,106296,,,Gregoire Barrere,R,183,FRA,26.6,6-3 6-2 6-2,5,R128,123,3,8,95,49,33,24,13,6,8,1,5,94,56,31,13,12,17,24,20,2055,103,647
2020-520,Roland Garros,Clay,128,G,20200928,1129,110748,,Q,Nikola Milojevic,R,188,SRB,25.2,105936,26,,Filip Krajinovic,R,185,SRB,28.5,6-4 3-6 6-3 6-1,5,R128,190,1,7,106,61,40,24,18,7,11,1,5,158,109,62,20,17,16,24,144,392,29,1628
2020-520,Roland Garros,Clay,128,G,20200928,1130,105379,,,Aljaz Bedene,R,181,SLO,31.1,126239,,WC,Arthur Rinderknech,R,196,FRA,25.1,6-2 6-7(7) 6-4 6-4,5,R128,203,10,3,126,66,53,36,20,9,9,12,2,149,97,66,24,20,10,14,56,965,162,354
2020-520,Roland Garros,Clay,128,G,20200928,1131,104655,,,Pablo Cuevas,R,180,URU,34.7,105967,,Q,Henri Laaksonen,R,185,SUI,28.4,6-1 2-6 6-4 6-2,5,R128,140,8,3,94,59,47,17,17,6,9,4,0,110,62,38,20,16,12,18,60,907,135,435
2020-520,Roland Garros,Clay,128,G,20200928,1132,126774,5,,Stefanos Tsitsipas,R,193,GRE,22.1,144719,,,Jaume Munar,R,183,ESP,23.4,4-6 2-6 6-1 6-4 6-4,5,R128,192,6,6,134,96,70,16,23,2,7,3,0,126,89,65,16,22,8,14,6,5385,109,563
2020-520,Roland Garros,Clay,128,G,20200928,1133,122330,,,Alexander Bublik,R,196,KAZ,23.2,104792,8,,Gael Monfils,R,193,FRA,34,6-4 7-5 3-6 6-3,5,R128,155,6,6,115,60,47,22,20,9,15,5,12,156,107,68,16,20,17,25,49,1045,9,2860
2020-520,Roland Garros,Clay,128,G,20200928,1134,132283,,,Lorenzo Sonego,R,191,ITA,25.3,105877,,Q,Emilio Gomez,R,185,ECU,28.8,6-7(6) 6-3 6-1 6-7(4) 6-3,5,R128,247,5,4,162,105,75,30,25,8,12,0,4,160,108,67,23,24,8,17,46,1075,156,365
2020-520,Roland Garros,Clay,128,G,20200928,1135,105430,,,Radu Albot,R,175,MDA,30.8,111442,,,Jordan Thompson,R,183,AUS,26.4,6-2 6-4 6-1,5,R128,126,1,2,70,42,32,16,13,2,3,7,2,105,63,35,16,12,11,18,79,772,55,984
2020-520,Roland Garros,Clay,128,G,20200928,1136,126203,27,,Taylor Fritz,R,196,USA,22.9,207830,,Q,Tomas Machac,R,183,CZE,19.9,7-5 7-6(2) 1-6 2-6 6-3,5,R128,219,14,4,149,88,63,23,24,5,14,2,4,195,131,77,33,24,20,27,30,1625,253,205
2020-520,Roland Garros,Clay,128,G,20200928,1137,105613,,,Norbert Gombos,R,193,SVK,30.1,106432,24,,Borna Coric,R,188,CRO,23.8,6-4 3-6 6-3 6-4,5,R128,182,3,5,110,63,50,27,19,8,10,5,3,136,85,60,21,19,9,13,106,587,27,1670
2020-520,Roland Garros,Clay,128,G,20200928,1138,200514,,Q,Jurij Rodionov,L,191,AUT,21.3,104871,,,Jeremy Chardy,R,188,FRA,33.6,3-6 4-6 7-6(6) 6-4 10-8,5,R128,276,13,4,201,139,90,27,30,14,23,6,9,195,116,77,34,29,7,16,170,338,65,860
2020-520,Roland Garros,Clay,128,G,20200928,1139,105841,,Q,Lorenzo Giustino,R,180,ITA,29,144895,,,Corentin Moutet,L,180,FRA,21.4,0-6 7-6(7) 7-6(3) 2-6 18-16,5,R128,365,3,7,244,158,99,39,36,12,25,4,1,215,154,104,32,36,5,14,157,363,71,818
2020-520,Roland Garros,Clay,128,G,20200928,1140,106043,12,,Diego Schwartzman,R,170,ARG,28.1,200175,,,Miomir Kecmanovic,R,183,SRB,21,6-0 6-1 6-3,5,R128,107,3,3,85,53,36,15,11,6,8,1,4,70,43,19,8,11,5,14,14,2505,41,1258
2020-520,Roland Garros,Clay,128,G,20200928,1141,104527,16,,Stan Wawrinka,R,183,SUI,35.5,104918,,WC,Andy Murray,R,191,GBR,33.3,6-1 6-3 6-2,5,R128,97,9,1,65,30,26,23,12,3,3,2,3,76,27,17,21,12,2,8,17,2185,111,547
2020-520,Roland Garros,Clay,128,G,20200928,1142,136440,,,Dominik Koepfer,L,180,GER,26.4,126156,,WC,Antoine Hoang,R,183,FRA,24.9,6-2 3-6 6-1 6-1,5,R128,124,2,3,90,72,50,10,16,2,4,1,8,94,64,35,10,15,3,11,61,886,126,462
2020-520,Roland Garros,Clay,128,G,20200928,1143,200384,,WC,Hugo Gaston,L,173,FRA,20,126125,,WC,Maxime Janvier,R,196,FRA,23.9,7-6(5) 6-4 6-3,5,R128,143,1,4,113,65,44,26,16,5,8,2,2,115,73,42,23,15,4,9,239,215,204,270
2020-520,Roland Garros,Clay,128,G,20200928,1144,106415,,,Yoshihito Nishioka,L,170,JPN,25,200000,19,,Felix Auger Aliassime,R,193,CAN,20.1,7-5 6-3 6-3,5,R128,152,1,1,103,72,45,19,15,11,13,5,6,95,52,30,21,15,7,13,52,1017,22,1976
2020-520,Roland Garros,Clay,128,G,20200928,1145,134770,28,,Casper Ruud,R,183,NOR,21.7,105216,,,Yuichi Sugita,R,173,JPN,32,6-1 6-3 6-1,5,R128,93,2,1,65,44,30,18,12,2,3,3,5,82,51,29,7,11,9,16,25,1739,94,686
2020-520,Roland Garros,Clay,128,G,20200928,1146,126205,,,Tommy Paul,R,185,USA,23.3,105902,,,James Duckworth,R,183,AUS,28.6,6-2 6-3 6-2,5,R128,103,5,1,73,38,29,22,13,2,3,1,1,94,41,26,22,12,7,14,58,949,91,699
2020-520,Roland Garros,Clay,128,G,20200928,1147,106058,,Q,Jack Sock,R,191,USA,28,124187,,,Reilly Opelka,R,211,USA,23,6-4 6-4 6-3,5,R128,115,3,4,78,49,39,19,15,3,4,16,4,109,71,46,15,14,10,15,310,140,36,1312
2020-520,Roland Garros,Clay,128,G,20200928,1148,106233,3,,Dominic Thiem,R,185,AUT,27,105227,,,Marin Cilic,R,198,CRO,32,6-4 6-3 6-3,5,R128,126,3,1,78,53,37,16,14,5,7,1,2,88,49,31,17,14,7,13,3,9125,40,1270
2020-520,Roland Garros,Clay,128,G,20200928,1149,100644,6,,Alexander Zverev,R,198,GER,23.4,110602,,,Dennis Novak,R,183,AUT,27,7-5 6-2 6-4,5,R128,125,10,2,80,58,48,13,15,1,2,1,1,108,76,43,17,15,6,11,7,4650,92,698
2020-520,Roland Garros,Clay,128,G,20200928,1150,105732,,,Pierre Hugues Herbert,R,188,FRA,29.5,111581,,Q,Michael Mmoh,R,188,USA,22.7,6-3 6-2 6-3,5,R128,125,13,5,99,58,42,23,13,8,9,2,3,79,52,28,14,13,5,11,78,775,178,326
2020-520,Roland Garros,Clay,128,G,20200928,1151,106228,,,Juan Ignacio Londero,R,180,ARG,27.1,105643,,,Federico Delbonis,L,193,ARG,29.9,6-4 7-6(1) 2-6 1-6 14-12,5,R128,294,3,9,239,161,101,33,32,18,30,6,9,199,129,83,36,31,11,20,69,832,81,758
2020-520,Roland Garros,Clay,128,G,20200928,1152,106065,,Q,Marco Cecchinato,R,185,ITA,27.9,200282,25,,Alex De Minaur,R,183,AUS,21.6,7-6(9) 6-4 6-0,5,R128,171,2,2,116,91,56,13,14,4,8,0,5,132,79,43,22,14,16,24,110,551,28,1665
2020-520,Roland Garros,Clay,128,G,20200928,1153,105332,23,,Benoit Paire,R,196,FRA,31.3,126952,,,Soon Woo Kwon,R,180,KOR,22.8,7-5 6-4 6-4,5,R128,136,12,6,95,54,41,16,16,4,8,5,4,109,61,38,21,16,11,18,26,1738,82,752
2020-520,Roland Garros,Clay,128,G,20200928,1154,105948,,,Federico Coria,R,180,ARG,28.5,105359,,LL,Jason Jung,R,180,TPE,31.2,7-5 7-6(6) 7-6(3),5,R128,199,1,3,143,106,60,17,18,16,23,0,6,124,89,52,13,18,8,16,99,671,125,464
2020-520,Roland Garros,Clay,128,G,20200928,1155,126127,,Q,Benjamin Bonzi,R,183,FRA,24.3,200325,,,Emil Ruusuvuori,R,188,FIN,21.4,6-2 6-4 4-6 6-4,5,R128,153,3,2,119,74,52,19,19,8,12,2,9,116,82,53,13,19,5,12,227,239,93,686
2020-520,Roland Garros,Clay,128,G,20200928,1156,206173,,,Jannik Sinner,R,191,ITA,19.1,105676,11,,David Goffin,R,180,BEL,29.8,7-5 6-0 6-3,5,R128,119,2,2,80,54,42,12,14,4,6,1,4,87,51,30,13,13,4,11,75,788,13,2555
2020-520,Roland Garros,Clay,128,G,20200928,1157,105062,,,Mikhail Kukushkin,R,183,KAZ,32.7,104926,14,,Fabio Fognini,R,178,ITA,33.3,7-5 3-6 7-6(1) 6-0,5,R128,172,4,0,112,87,59,16,20,6,10,6,7,129,80,47,24,19,5,12,88,716,15,2400
2020-520,Roland Garros,Clay,128,G,20200928,1158,124079,,Q,Pedro Martinez,R,185,ESP,23.4,126846,,Q,Aleksandar Vukic,R,188,AUS,24.4,7-5 6-4 6-0,5,R128,132,2,6,99,73,50,15,14,10,11,8,2,85,42,30,16,14,8,14,105,610,193,287
2020-520,Roland Garros,Clay,128,G,20200928,1159,200624,,Q,Sebastian Korda,R,196,USA,20.2,104312,,,Andreas Seppi,R,190,ITA,36.6,6-2 4-6 6-3 6-3,5,R128,145,2,1,121,88,55,19,18,5,9,2,0,103,70,40,17,18,9,17,213,252,98,679
2020-520,Roland Garros,Clay,128,G,20200928,1160,104545,21,,John Isner,R,208,USA,35.4,200611,,WC,Elliot Benchetrit,R,193,MAR,21.9,6-4 6-1 6-3,5,R128,102,7,1,73,50,39,17,13,4,4,4,5,78,42,23,20,13,2,7,23,1805,217,249
2020-520,Roland Garros,Clay,128,G,20200928,1161,105453,,,Kei Nishikori,R,178,JPN,30.7,105554,32,,Daniel Evans,R,175,GBR,30.3,1-6 6-1 7-6(3) 1-6 6-4,5,R128,229,1,2,130,84,51,23,22,10,18,5,5,143,85,58,24,21,12,19,35,1345,34,1384
2020-520,Roland Garros,Clay,128,G,20200928,1162,105882,,,Stefano Travaglia,R,185,ITA,28.7,104665,,,Pablo Andujar,R,180,ESP,34.6,6-3 6-4 6-4,5,R128,143,4,3,104,60,48,18,15,5,7,0,6,87,55,39,9,14,6,11,74,794,51,1024
2020-520,Roland Garros,Clay,128,G,20200928,1163,111456,,,Mackenzie Mcdonald,R,178,USA,25.4,105731,,Q,Steven Diez,R,175,CAN,29.5,4-6 6-3 6-3 6-4,5,R128,168,11,2,113,77,52,21,19,4,8,2,5,126,86,57,11,19,3,10,236,217,181,322
2020-520,Roland Garros,Clay,128,G,20200928,1164,104745,2,,Rafael Nadal,L,185,ESP,34.3,106078,,,Egor Gerasimov,R,196,BLR,27.8,6-4 6-4 6-2,5,R128,125,3,2,71,45,37,17,14,1,2,8,1,77,49,34,9,14,0,5,2,9850,83,750
2020-520,Roland Garros,Clay,128,G,20200928,1201,104925,1,,Novak Djokovic,R,188,SRB,33.3,105575,,,Ricardas Berankis,R,175,LTU,30.2,6-1 6-2 6-2,5,R64,83,10,1,66,38,36,13,12,2,2,0,1,53,40,20,6,11,1,7,1,11260,66,854
2020-520,Roland Garros,Clay,128,G,20200928,1202,123755,,LL,Daniel Elahi Galan,R,191,COL,24.2,105815,,,Tennys Sandgren,R,188,USA,29.1,6-2 6-2 6-3,5,R64,108,5,0,73,35,24,30,13,3,4,5,4,88,58,37,9,12,8,14,153,379,47,1068
2020-520,Roland Garros,Clay,128,G,20200928,1203,106426,20,,Cristian Garin,R,185,CHI,24.3,117360,,LL,Marc Polmans,R,188,AUS,23.4,6-7(5) 6-2 7-6(3) 6-4,5,R64,221,12,6,129,74,58,28,21,2,6,4,4,178,113,65,31,21,13,20,19,2090,122,485
2020-520,Roland Garros,Clay,128,G,20200928,1204,111575,15,,Karen Khachanov,R,198,RUS,24.3,106210,,,Jiri Vesely,L,198,CZE,27.2,6-1 6-7(4) 7-6(7) 7-6(2),5,R64,215,7,10,130,81,67,19,22,2,7,7,2,159,109,74,18,21,6,14,16,2200,68,840
2020-520,Roland Garros,Clay,128,G,20200928,1205,105138,10,,Roberto Bautista Agut,R,183,ESP,32.4,105226,,,Attila Balazs,R,180,HUN,32,6-3 6-1 6-2,5,R64,106,3,1,68,47,30,16,12,3,5,0,5,71,36,19,10,12,4,12,10,2665,87,722
2020-520,Roland Garros,Clay,128,G,20200928,1206,105807,17,,Pablo Carreno Busta,R,188,ESP,29.2,105550,,,Guido Pella,L,183,ARG,30.3,6-3 6-2 6-1,5,R64,86,6,1,64,44,39,11,12,1,1,2,3,66,47,26,7,12,5,11,18,2130,37,1310
2020-520,Roland Garros,Clay,128,G,20200928,1207,127157,,Q,Daniel Altmaier,R,188,GER,22,105526,30,,Jan Lennard Struff,R,193,GER,30.4,6-3 7-6(4) 6-3,5,R64,152,9,4,106,55,46,23,15,5,6,3,3,108,65,42,19,15,8,13,186,302,32,1450
2020-520,Roland Garros,Clay,128,G,20200928,1208,126610,7,,Matteo Berrettini,R,196,ITA,24.4,144750,,,Lloyd Harris,R,193,RSA,23.5,6-4 4-6 6-2 6-3,5,R64,161,5,0,116,69,52,28,19,7,9,3,3,115,75,51,18,18,4,9,8,3030,90,701
2020-520,Roland Garros,Clay,128,G,20200928,1209,105916,,,Marton Fucsovics,R,188,HUN,28.6,105077,,,Albert Ramos,L,188,ESP,32.6,7-6(2) 6-3 7-5,5,R64,182,3,6,121,67,45,32,17,9,11,3,3,109,74,51,15,16,7,11,63,877,44,1130
2020-520,Roland Garros,Clay,128,G,20200928,1210,106329,,,Thiago Monteiro,L,183,BRA,26.3,106218,,,Marcos Giron,R,180,USA,27.1,7-6(5) 6-4 6-1,5,R64,121,4,1,77,61,51,11,15,2,3,10,2,102,57,41,20,14,7,12,84,749,96,684
2020-520,Roland Garros,Clay,128,G,20200928,1211,104731,,,Kevin Anderson,R,203,RSA,34.3,105583,22,,Dusan Lajovic,R,183,SRB,30.2,6-2 6-4 4-6 3-6 6-3,5,R64,189,18,5,137,98,67,24,23,9,13,1,5,143,99,63,25,23,9,15,118,510,24,1785
2020-520,Roland Garros,Clay,128,G,20200928,1212,126094,13,,Andrey Rublev,R,188,RUS,22.9,200221,,,Alejandro Davidovich Fokina,R,183,ESP,21.3,7-5 6-1 3-6 6-1,5,R64,131,12,1,102,65,50,20,18,3,6,3,1,108,71,40,17,17,7,14,12,2614,70,829
2020-520,Roland Garros,Clay,128,G,20200928,1213,106148,,,Roberto Carballes Baena,R,183,ESP,27.5,133430,9,,Denis Shapovalov,L,185,CAN,21.4,7-5 6-7(5) 6-3 3-6 8-6,5,R64,300,3,8,196,127,78,41,28,15,21,7,12,194,121,80,37,28,13,21,101,649,11,2660
2020-520,Roland Garros,Clay,128,G,20200928,1214,105777,18,,Grigor Dimitrov,R,191,BUL,29.3,105413,,,Andrej Martin,R,183,SVK,31,6-4 7-6(5) 6-1,5,R64,135,4,2,103,73,50,19,15,6,8,0,1,94,62,35,18,14,7,12,20,2055,102,649
2020-520,Roland Garros,Clay,128,G,20200928,1215,105379,,,Aljaz Bedene,R,181,SLO,31.1,110748,,Q,Nikola Milojevic,R,188,SRB,25.2,7-5 2-6 6-1 7-6(4),5,R64,174,16,4,144,89,67,25,20,5,9,5,4,106,64,48,20,19,3,8,56,965,144,392
2020-520,Roland Garros,Clay,128,G,20200928,1216,126774,5,,Stefanos Tsitsipas,R,193,GRE,22.1,104655,,,Pablo Cuevas,R,180,URU,34.7,6-1 6-4 6-2,5,R64,88,5,1,60,33,29,19,13,0,1,3,1,78,45,25,14,12,7,13,6,5385,60,907
2020-520,Roland Garros,Clay,128,G,20200928,1217,132283,,,Lorenzo Sonego,R,191,ITA,25.3,122330,,,Alexander Bublik,R,196,KAZ,23.2,7-6(8) 6-1 7-5,5,R64,144,4,1,98,75,61,9,16,2,3,2,7,121,75,47,23,15,10,15,46,1075,49,1045
2020-520,Roland Garros,Clay,128,G,20200928,1218,126203,27,,Taylor Fritz,R,196,USA,22.9,105430,,,Radu Albot,R,175,MDA,30.8,6-3 6-2 6-4,5,R64,122,16,2,102,61,52,15,14,13,14,0,3,77,53,34,10,13,5,10,30,1625,79,772
2020-520,Roland Garros,Clay,128,G,20200928,1219,105613,,,Norbert Gombos,R,193,SVK,30.1,200514,,Q,Jurij Rodionov,L,191,AUT,21.3,6-2 2-6 7-6(4) 6-4,5,R64,170,6,5,114,74,52,23,19,5,10,10,2,134,87,57,20,19,9,15,106,587,170,338
2020-520,Roland Garros,Clay,128,G,20200928,1220,106043,12,,Diego Schwartzman,R,170,ARG,28.1,105841,,Q,Lorenzo Giustino,R,180,ITA,29,6-1 7-5 6-0,5,R64,124,1,2,79,49,31,17,13,7,10,5,5,78,46,21,11,12,4,14,14,2505,157,363
2020-520,Roland Garros,Clay,128,G,20200928,1221,104527,16,,Stan Wawrinka,R,183,SUI,35.5,136440,,,Dominik Koepfer,L,180,GER,26.4,6-3 6-2 3-6 6-1,5,R64,128,6,1,111,69,51,24,17,5,6,1,2,102,65,41,17,16,8,13,17,2185,61,886
2020-520,Roland Garros,Clay,128,G,20200928,1222,200384,,WC,Hugo Gaston,L,173,FRA,20,106415,,,Yoshihito Nishioka,L,170,JPN,25,6-4 7-6(4) 3-6 6-2,5,R64,182,2,1,147,87,48,38,20,17,22,3,0,129,94,54,19,19,6,12,239,215,52,1017
2020-520,Roland Garros,Clay,128,G,20200928,1223,134770,28,,Casper Ruud,R,183,NOR,21.7,126205,,,Tommy Paul,R,185,USA,23.3,6-1 1-6 6-3 1-6 6-3,5,R64,156,3,3,119,76,54,25,20,5,9,8,2,119,74,52,23,19,6,10,25,1739,58,949
2020-520,Roland Garros,Clay,128,G,20200928,1224,106233,3,,Dominic Thiem,R,185,AUT,27,106058,,Q,Jack Sock,R,191,USA,28,6-1 6-3 7-6(6),5,R64,142,8,1,96,67,45,19,14,1,3,2,3,99,62,39,16,14,2,8,3,9125,310,140
2020-520,Roland Garros,Clay,128,G,20200928,1225,100644,6,,Alexander Zverev,R,198,GER,23.4,105732,,,Pierre Hugues Herbert,R,188,FRA,29.5,2-6 6-4 7-6(5) 4-6 6-4,5,R64,239,10,11,165,112,79,22,25,7,14,3,6,163,99,65,35,25,8,14,7,4650,78,775
2020-520,Roland Garros,Clay,128,G,20200928,1226,106065,,Q,Marco Cecchinato,R,185,ITA,27.9,106228,,,Juan Ignacio Londero,R,180,ARG,27.1,6-3 6-2 5-7 6-2,5,R64,157,8,2,111,72,54,21,19,4,7,4,1,116,76,43,24,18,8,15,110,551,69,832
2020-520,Roland Garros,Clay,128,G,20200928,1227,105948,,,Federico Coria,R,180,ARG,28.5,105332,23,,Benoit Paire,R,196,FRA,31.3,7-6(3) 4-6 6-3 6-1,5,R64,150,4,6,134,102,68,13,19,10,15,8,11,116,59,44,19,19,0,8,99,671,26,1738
2020-520,Roland Garros,Clay,128,G,20200928,1228,206173,,,Jannik Sinner,R,191,ITA,19.1,126127,,Q,Benjamin Bonzi,R,183,FRA,24.3,6-2 6-4 6-4,5,R64,115,3,2,93,63,41,19,14,3,5,0,2,85,48,28,17,14,7,13,75,788,227,239
2020-520,Roland Garros,Clay,128,G,20200928,1229,124079,,Q,Pedro Martinez,R,185,ESP,23.4,105062,,,Mikhail Kukushkin,R,183,KAZ,32.7,6-3 6-1 6-0,5,R64,99,5,2,58,45,36,7,11,3,5,1,0,83,50,22,10,11,8,17,105,610,88,716
2020-520,Roland Garros,Clay,128,G,20200928,1230,200624,,Q,Sebastian Korda,R,196,USA,20.2,104545,21,,John Isner,R,208,USA,35.4,6-4 6-4 2-6 6-4,5,R64,146,7,6,104,69,50,20,19,6,10,13,8,114,72,52,18,19,7,12,213,252,23,1805
2020-520,Roland Garros,Clay,128,G,20200928,1231,105882,,,Stefano Travaglia,R,185,ITA,28.7,105453,,,Kei Nishikori,R,178,JPN,30.7,6-4 2-6 7-6(7) 4-6 6-2,5,R64,233,4,6,164,98,68,30,24,9,16,1,2,150,101,62,30,24,7,14,74,794,35,1345
2020-520,Roland Garros,Clay,128,G,20200928,1232,104745,2,,Rafael Nadal,L,185,ESP,34.3,111456,,,Mackenzie Mcdonald,R,178,USA,25.4,6-1 6-0 6-3,5,R64,100,1,4,72,49,37,14,11,0,0,1,2,60,40,18,8,11,1,8,2,9850,236,217
2020-520,Roland Garros,Clay,128,G,20200928,1301,104925,1,,Novak Djokovic,R,188,SRB,33.3,123755,,LL,Daniel Elahi Galan,R,191,COL,24.2,6-0 6-3 6-2,5,R32,128,2,2,74,51,38,13,12,5,5,4,2,94,57,30,13,11,4,11,1,11260,153,379
2020-520,Roland Garros,Clay,128,G,20200928,1302,111575,15,,Karen Khachanov,R,198,RUS,24.3,106426,20,,Cristian Garin,R,185,CHI,24.3,6-2 3-6 6-4 6-2,5,R32,149,3,2,103,59,38,27,18,4,8,1,5,116,72,42,18,17,8,16,16,2200,19,2090
2020-520,Roland Garros,Clay,128,G,20200928,1303,105807,17,,Pablo Carreno Busta,R,188,ESP,29.2,105138,10,,Roberto Bautista Agut,R,183,ESP,32.4,6-4 6-3 5-7 6-4,5,R32,202,11,2,129,85,57,26,21,8,12,3,1,136,85,44,33,20,10,17,18,2130,10,2665
2020-520,Roland Garros,Clay,128,G,20200928,1304,127157,,Q,Daniel Altmaier,R,188,GER,22,126610,7,,Matteo Berrettini,R,196,ITA,24.4,6-2 7-6(5) 6-4,5,R32,135,4,3,95,57,42,24,15,6,7,5,1,92,59,41,17,15,3,7,186,302,8,3030
2020-520,Roland Garros,Clay,128,G,20200928,1305,105916,,,Marton Fucsovics,R,188,HUN,28.6,106329,,,Thiago Monteiro,L,183,BRA,26.3,7-5 6-1 6-3,5,R32,141,3,3,90,59,44,16,14,1,3,1,1,94,71,40,7,14,5,12,63,877,84,749
2020-520,Roland Garros,Clay,128,G,20200928,1306,126094,13,,Andrey Rublev,R,188,RUS,22.9,104731,,,Kevin Anderson,R,203,RSA,34.3,6-3 6-2 6-3,5,R32,94,6,1,64,37,33,19,13,0,0,13,7,75,43,31,13,13,8,13,12,2614,118,510
2020-520,Roland Garros,Clay,128,G,20200928,1307,105777,18,,Grigor Dimitrov,R,191,BUL,29.3,106148,,,Roberto Carballes Baena,R,183,ESP,27.5,6-1 6-3 RET,5,R32,64,6,3,40,24,20,12,8,0,0,0,3,61,39,24,6,8,6,10,20,2055,101,649
2020-520,Roland Garros,Clay,128,G,20200928,1308,126774,5,,Stefanos Tsitsipas,R,193,GRE,22.1,105379,,,Aljaz Bedene,R,181,SLO,31.1,6-1 6-2 3-1 RET,5,R32,80,10,0,54,36,29,13,10,2,2,1,4,64,25,15,14,9,4,9,6,5385,56,965
2020-520,Roland Garros,Clay,128,G,20200928,1309,132283,,,Lorenzo Sonego,R,191,ITA,25.3,126203,27,,Taylor Fritz,R,196,USA,22.9,7-6(5) 6-3 7-6(17),5,R32,187,4,0,135,89,69,26,17,4,4,9,1,119,64,48,37,16,5,6,46,1075,30,1625
2020-520,Roland Garros,Clay,128,G,20200928,1310,106043,12,,Diego Schwartzman,R,170,ARG,28.1,105613,,,Norbert Gombos,R,193,SVK,30.1,7-6(3) 6-3 6-3,5,R32,157,1,4,112,75,47,18,15,11,15,4,7,108,64,35,20,15,10,17,14,2505,106,587
2020-520,Roland Garros,Clay,128,G,20200928,1311,200384,,WC,Hugo Gaston,L,173,FRA,20,104527,16,,Stan Wawrinka,R,183,SUI,35.5,2-6 6-3 6-3 4-6 6-0,5,R32,190,2,3,152,79,50,38,21,12,17,7,2,147,84,50,32,21,13,21,239,215,17,2185
2020-520,Roland Garros,Clay,128,G,20200928,1312,106233,3,,Dominic Thiem,R,185,AUT,27,134770,28,,Casper Ruud,R,183,NOR,21.7,6-4 6-3 6-1,5,R32,135,5,2,95,57,38,24,13,7,8,1,0,80,55,28,14,13,9,15,3,9125,25,1739
2020-520,Roland Garros,Clay,128,G,20200928,1313,100644,6,,Alexander Zverev,R,198,GER,23.4,106065,,Q,Marco Cecchinato,R,185,ITA,27.9,6-1 7-5 6-3,5,R32,107,10,5,75,47,40,14,14,1,2,2,3,100,66,38,14,14,7,13,7,4650,110,551
2020-520,Roland Garros,Clay,128,G,20200928,1314,206173,,,Jannik Sinner,R,191,ITA,19.1,105948,,,Federico Coria,R,180,ARG,28.5,6-3 7-5 7-5,5,R32,150,0,2,100,67,43,17,17,5,9,2,0,111,79,41,16,16,5,12,75,788,99,671
2020-520,Roland Garros,Clay,128,G,20200928,1315,200624,,Q,Sebastian Korda,R,196,USA,20.2,124079,,Q,Pedro Martinez,R,185,ESP,23.4,6-4 6-3 6-1,5,R32,119,8,0,81,58,45,12,13,5,6,0,8,95,59,37,12,13,10,16,213,252,105,610
2020-520,Roland Garros,Clay,128,G,20200928,1316,104745,2,,Rafael Nadal,L,185,ESP,34.3,105882,,,Stefano Travaglia,R,185,ITA,28.7,6-1 6-4 6-0,5,R32,95,2,0,62,45,35,14,12,0,0,1,1,59,42,23,5,11,1,7,2,9850,74,794
2020-520,Roland Garros,Clay,128,G,20200928,1401,104925,1,,Novak Djokovic,R,188,SRB,33.3,111575,15,,Karen Khachanov,R,198,RUS,24.3,6-4 6-3 6-3,5,R16,143,2,1,89,57,40,19,14,7,9,5,4,111,77,42,16,14,9,15,1,11260,16,2200
2020-520,Roland Garros,Clay,128,G,20200928,1402,105807,17,,Pablo Carreno Busta,R,188,ESP,29.2,127157,,Q,Daniel Altmaier,R,188,GER,22,6-2 7-5 6-2,5,R16,142,4,0,100,85,56,7,14,3,4,5,4,105,68,38,19,14,12,18,18,2130,186,302
2020-520,Roland Garros,Clay,128,G,20200928,1403,126094,13,,Andrey Rublev,R,188,RUS,22.9,105916,,,Marton Fucsovics,R,188,HUN,28.6,6-7(4) 7-5 6-4 7-6(3),5,R16,234,5,3,151,85,63,33,23,11,16,8,5,168,103,69,27,23,5,12,12,2614,63,877
2020-520,Roland Garros,Clay,128,G,20200928,1404,126774,5,,Stefanos Tsitsipas,R,193,GRE,22.1,105777,18,,Grigor Dimitrov,R,191,BUL,29.3,6-3 7-6(9) 6-2,5,R16,146,3,0,100,62,44,27,15,3,3,1,4,105,74,46,15,14,9,12,6,5385,20,2055
2020-520,Roland Garros,Clay,128,G,20200928,1405,106043,12,,Diego Schwartzman,R,170,ARG,28.1,132283,,,Lorenzo Sonego,R,191,ITA,25.3,6-1 6-3 6-4,5,R16,118,1,3,74,44,30,18,13,4,7,1,4,81,46,28,9,13,3,11,14,2505,46,1075
2020-520,Roland Garros,Clay,128,G,20200928,1406,106233,3,,Dominic Thiem,R,185,AUT,27,200384,,WC,Hugo Gaston,L,173,FRA,20,6-4 6-4 5-7 3-6 6-3,5,R16,212,7,2,146,98,74,28,25,10,13,1,1,159,99,67,36,25,7,11,3,9125,239,215
2020-520,Roland Garros,Clay,128,G,20200928,1407,206173,,,Jannik Sinner,R,191,ITA,19.1,100644,6,,Alexander Zverev,R,198,GER,23.4,6-3 6-3 4-6 6-3,5,R16,181,3,6,143,81,58,33,19,6,8,3,4,108,71,51,15,18,1,6,75,788,7,4650
2020-520,Roland Garros,Clay,128,G,20200928,1408,104745,2,,Rafael Nadal,L,185,ESP,34.3,200624,,Q,Sebastian Korda,R,196,USA,20.2,6-1 6-1 6-2,5,R16,115,1,1,78,53,33,18,11,5,6,0,2,68,46,18,10,11,3,11,2,9850,213,252
2020-520,Roland Garros,Clay,128,G,20200928,1501,104925,1,,Novak Djokovic,R,188,SRB,33.3,105807,17,,Pablo Carreno Busta,R,188,ESP,29.2,4-6 6-2 6-3 6-4,5,QF,190,2,5,131,74,53,30,19,10,13,3,3,112,78,50,15,18,7,13,1,11260,18,2130
2020-520,Roland Garros,Clay,128,G,20200928,1502,126774,5,,Stefanos Tsitsipas,R,193,GRE,22.1,126094,13,,Andrey Rublev,R,188,RUS,22.9,7-5 6-2 6-3,5,QF,115,7,2,85,54,43,19,15,2,3,7,0,90,58,38,12,14,3,8,6,5385,12,2614
2020-520,Roland Garros,Clay,128,G,20200928,1503,106043,12,,Diego Schwartzman,R,170,ARG,28.1,106233,3,,Dominic Thiem,R,185,AUT,27,7-6(1) 5-7 6-7(6) 7-6(5) 6-2,5,QF,308,1,5,189,124,77,34,28,13,22,7,3,187,111,69,32,28,6,16,14,2505,3,9125
2020-520,Roland Garros,Clay,128,G,20200928,1504,104745,2,,Rafael Nadal,L,185,ESP,34.3,206173,,,Jannik Sinner,R,191,ITA,19.1,7-6(4) 6-4 6-1,5,QF,169,0,1,97,63,42,20,15,5,7,2,3,93,63,36,13,14,2,8,2,9850,75,788
2020-520,Roland Garros,Clay,128,G,20200928,1601,104925,1,,Novak Djokovic,R,188,SRB,33.3,126774,5,,Stefanos Tsitsipas,R,193,GRE,22.1,6-3 6-2 5-7 4-6 6-1,5,SF,234,5,6,153,102,74,24,23,11,15,7,5,168,113,67,27,23,14,22,1,11260,6,5385
2020-520,Roland Garros,Clay,128,G,20200928,1602,104745,2,,Rafael Nadal,L,185,ESP,34.3,106043,12,,Diego Schwartzman,R,170,ARG,28.1,6-3 6-3 7-6(0),5,SF,189,3,0,117,81,55,19,15,9,12,2,3,84,50,31,13,15,3,9,2,9850,14,2505
2020-520,Roland Garros,Clay,128,G,20200928,1701,104745,1,,Rafael Nadal,L,185,ESP,34.3,104925,2,,Novak Djokovic,R,188,SRB,33.3,6-0 6-2 7-5,5,F,161,4,1,84,55,37,19,13,4,5,1,4,99,66,33,16,13,11,18,2,9850,1,11260
